Title,Price,Rating,Reviews
"베이직스 2022 베이직북 14 3세대 셀러론, White, 256GB, 8GB, WIN11 Pro, BB1422SS","382,080",4.5,2083
"기가바이트 2024 게이밍 G5 15.6 코어i7 인텔 13세대 지포스 RTX 4050, Iron Gray, 512GB, 16GB, Free DOS, G5 MF5-H2KR","1,235,400",,0
"HP 2024 옴니북 14X 스냅드래곤, 메테오 실버, 1TB, 16GB, WIN11 Home, 14-fe0005QU","1,799,000",,0
"삼성노트북 한컴오피스 증정 i7 윈도우11 가성비 사무용 대학생 인강용 광시야각 동영상 업무용 노트북추천, 그레이, 코어i7, 512GB, 16GB, WIN11 Home, NT750XGR-A71A","1,199,000",5.0,1166
"베이직스 2023 베이직북 14 프로 코어i5 인텔 10세대, White, 256GB, 8GB, WIN11 Home, BP1423FW","588,000",4.0,148
"삼성전자 갤럭시북4 엣지 NT940XMA-K01A 갤럭시 AI 탑재 14인치 터치스크린 고사양 사무용 노트북, 사파이어 블루, 512GB, 16GB, WIN11 Home","1,699,000",5.0,1
"에이수스 2024 비보북Go 15 E1504FA-BQ476 15.6 라이젠5 Radeon, 쿨 실버, 512GB, 16GB, Free DOS","579,000",5.0,769
"삼성 LG HP 노트북 i5 가정 업무 게임 포토샵 주식용 Win10 무상1년 사은품, 실버/블랙, 삼성NT371B5J, i5 4200, 500GB, 8GB","286,000",4.5,157
"베이직스 2023 베이직북S 10.1 셀러론, White, 128GB, 8GB, WIN11 Pro, BB1022FW","397,000",4.5,375
"레노버 2022 아이디어패드 슬림 1 15AMN7 15.6 라이젠3 라이젠 7000 시리즈, Cloud Grey (82VG), 256GB, 8GB, Free DOS, 82VG002EKR","489,000",5.0,1377
"삼성전자 갤럭시북 프로 15.6인치 가벼운 대학생 사무용 업무용 가성비 인강용 포토샵 영상편집 캐드 주식 윈도우11정품 추천 노트북, NT950XEV, 윈도우11 Home, 16GB, 256GB, 그라파이트","1,199,000",5.0,1
"삼성전자 갤럭시북4 14세대 코어7 WIN11 구매사은품 블루투스무소음마우스, A51A(실버), NT950XGQ-A51AS, 코어Ultra5, 512GB, 16GB, WIN11 Home","1,499,000",5.0,699
LG 그램 14Z960 i5-6200 8G SSD256G Win10 가벼운 슬림한 노트북 980g,"389,560",4.0,85
삼성전자 노트북 9 metal NT901X5L i5-6200U 8G SSD Win10,"287,680",4.5,41
삼성 노트북/NT200B5C/NT371B5J /I5 3320M 4G SSD128G/15.6인치 WIN10 Pro,"139,000",4.0,53
"Apple 2020 맥북 에어 13, 스페이스 그레이, M1, 256GB, 8GB, A2337","979,000",5.0,13037
"에이서 2024 니트로 V 16 라이젠7 라이젠 8000 시리즈 지포스 RTX 4050, ANV16-41-R584, Free DOS, 16GB, 512GB, 블랙","1,137,810",5.0,2
"레노버 2023 아이디어패드 슬림 3 15IAH8 코어i5 인텔 12세대, Arctic Grey, 256GB, 16GB, Free DOS, 83ER005YKR","689,000",5.0,288
"LG 울트라PC 15U560 6세대 i5 지포스940M 15.6인치 윈도우10, 8GB, WIN10 Pro, 628GB, 코어i5, 화이트","499,000",4.5,417
"삼성전자 삼성노트북 NT200B5C/i5-3210/4G/SSD128G/DVD멀티/15.6/1600*900/윈도우10/2.3kg/무상보증1년, NT200B5C, WIN10 Pro, 4GB, 128GB, 코어i5, 블랙","177,000",4.0,107
"LG 2023 울트라PC 엣지 16 라이젠5 라이젠 7000 시리즈, 차콜 그레이, 256GB, 16GB, WIN11 Home, 16U70R-GA56K","1,078,000",4.5,308
"레노버 아이디어패드 U330 터치스크린 A급 중고노트북 (i5/SSD128GB/Win10/13인치), U330 Touch, WIN10, 4GB, 128GB, 실버","91,000",5.0,16
"아우크웨이 16 노트북 12GB+512GB 인텔 N5095(최대 2.9Ghz) 4코어 Win 11 2.5K FHD (냉각팬 포함) 듀얼 WiFi 지원 1TB SSD 확장-검은색, WIN11 Pro, 검은색, 12GB, 512GB, A6","449,000",,0
"HP 2024 자비스 AI 노트북 15 코어Ultra5 인텔 14세대, Natural Silver, 512GB, 16GB, WIN11 Home, 15-fd1029TU","998,990",4.5,53
"삼성 노트북 15인치 FHD 사무용 게이밍 인강용 인텔 i5 8세대 SSD장착 노트북 NT551EBE, 메탈릭티탄, NT511EBE, 코어i5, 256GB, 8GB, WIN10 Pro","393,300",4.5,20
"삼성전자 노트북 5 코어i5 6세대 SSD+HDD 듀얼 스토리지 탑재 NT501시리즈 블랙 윈도우10 Pro 탑재, WIN10 Pro, 32GB, 628GB","398,000",,0
"HP 2023 노트북 255 G10 15.6 라이젠5 라이젠 7000 시리즈, 실버, 256GB, 8GB, Free DOS, G10-9F186PT","399,000",5.0,3
"삼성 15인치 FHD 사무용 인강용 인텔 8세대 SSD장착 노트북 NT551EBE, WIN10 Pro, 16GB, 1TB, 코어i5, 블랙","479,000",4.5,24
"삼성전자 2021 갤럭시북 프로 15.6, NT950XDX-G51AB, WIN10 Home, 16GB, 512GB, 코어i5 11세대, 미스틱 블루",,5.0,346
"힐링쉴드 노트북 무광 팜레스트 + 터치패드 보호필름 2p 세트, 1세트","11,250",5.0,3
"힐링쉴드 노트북 무광 팜레스트 터치패드 필름 2p 세트, 1세트","7,500",,0
"델 2023 인스피론 15 3520 코어i5 인텔 12세대 지포스 MX550, 플래티넘 실버, 512GB, 8GB, WIN11 Home, DN3520-W003KR","1,162,370",4.5,6
"레노버 2021 ThinkPad L13 GEN2 13.3 코어i7 인텔 11세대, Black, 256GB, 8GB, WIN10 Pro, 20VH002PKR","1,126,020",5.0,6
"힐링쉴드 노트북 고화질 액정보호필름 랜덤발송, 1개","24,870",5.0,5
"레노버 2022 씽크패드 X1 카본 Gen 10 14 코어i7 인텔 12세대, 블랙, 512GB, 32GB, WIN11 Pro, 21CBS00200","2,230,030",5.0,33
"HP 2023 빅터스 15 코어i5 인텔 13세대 지포스 RTX 4050, Mica Silver, 512GB, 16GB, WIN11 Home, 15-fa1014KR","1,401,240",5.0,142
"레노버 2023 씽크패드 X1 카본 Gen11 14 코어i7 인텔 13세대, 블랙, 512GB, 16GB, WIN11 Pro, 21HMS00500","2,031,930",5.0,19
"코쿼드 노트북 투명 케이스, 1개","10,520",4.5,3
"레노버 2022 씽크패드 T16 AMD G1 16 라이젠7 Pro 라이젠 6000 시리즈, Thunder Black, 256GB, 16GB, WIN11 Pro, 21CHS00800","1,484,100",5.0,3
"한성컴퓨터 2022 TFG 노트북 17.3 코어i7 인텔 12세대 지포스 RTX 3070 Ti, Black, 500GB, 16GB, Free DOS, TFG7277XG","1,857,840",4.5,3
"디지티 프리미엄 노트북 거치대, 메탈블랙","20,170",4.5,143
"힐링쉴드 노트북 올레포빅 Light 액정보호필름, 1개","8,760",5.0,2
"델 2022 Alienware X14 코어i7 인텔 12세대 지포스 RTX 3050 Ti, Lunar Light, 1TB, 16GB, WIN11 Pro, DAWX14-WP02KR","2,833,850",5.0,1
"레노버 2022 씽크패드 Z13 G1 13.3 라이젠7 Pro 라이젠 6000 시리즈, Black (Top) + Black (Bottom), 512GB, 16GB, WIN11 Pro, 21D2000FKR","1,579,090",5.0,4
"카라스 삼성 NT940X5M NT940X5N 시리즈용 노트북 클린스킨, 1개","5,080",5.0,4
"레노버 2022 씽크패드 X1 요가 13.5 코어i7 인텔 11세대, 티타늄, 512GB, 16GB, WIN10 Pro, 20QA00ACKR","2,057,020",5.0,1
"LG전자 2023 울트라 PC 15 코어i3 인텔 13세대, 화이트, 256GB, 8GB, WIN11 Home, 15U50R-GR30K","895,000",5.0,11
"HP 2024 노트북 15 라이젠5 라이젠 7000 시리즈, Natural Silver, 512GB, 16GB, WIN11 Home, 15-FC0260AU","738,000",,0
"아우크웨이 16 노트북 12GB+512GB 인텔 N5095(최대 2.9Ghz) 4코어 Win 11 2.5K FHD 스크린(냉각팬 포함) 듀얼 WiFi 지원 1TB SSD 확장-빨간, WIN11 Pro, 빨간색, 12GB, 512GB, A6","449,000",,0
"HP 2023 노트북 15 코어i5 인텔 13세대, Natural Silver, 512GB, 16GB, WIN11 Home, 15-fd0096tu","858,990",4.5,1013
"레노버 2023 아이디어패드 슬림 3 15IAH8 코어i5 인텔 12세대, ARCTIC GREY, 512GB, 16GB, Free DOS, 83ER0060KR","739,000",5.0,288
삼성전자 NT371B5J i5 8G SSD256GB Win11,"238,000",4.5,40
"삼성 LG HP 노트북 i5 가정 업무 게임 포토샵 주식용 Win10 무상1년 사은품, 실버, 삼성 NT901X3H, 코어i5, 240GB, 8GB","296,000",4.5,157
"아우크웨이 14 노트북 8GB+256GB 인텔 N5095(최대 2.9Ghz) 4코어 Win 11 2K FHD 스크린(냉각팬 포함) 듀얼 WiFi 지원 1TB SSD 확장-블루, WIN11 Pro, 블루, 8GB, 256GB, A7","419,000",,0
"레노버 2022 아이디어패드 슬림 3 17ABA7 17.3 라이젠5 라이젠 5000 시리즈, Arctic Grey, 512GB, 8GB, Free DOS, 82RQ004LKR","733,650",5.0,237
"노트북/16인치/DDR4 16G/SSD 512G/가성비노트북/슬림/FHD IPS/업무용/사무용/그레이, WIN11 Home, grey, 16GB, 512GB, 노트북","319,900",4.5,40
A급중고 삼성 NT371B5L I5-6300HQ/16G/SSD256G/HD530/15.6/WIN10 풀스펙 노트북,"398,000",4.5,120
"레노버 2024 아이디어패드 슬림 3 15IAU7 코어i3 인텔 12세대, Arctic Grey, 512GB, 8GB, Free DOS, 82RK0164KR","504,000",5.0,69
"아우크웨이 14 노트북 8GB+256GB 인텔 N5095(최대 2.9Ghz) 4코어 Win 11 2K FHD 스크린(냉각팬 포함) 듀얼 WiFi 지원 1TB SSD 확장-분홍색, WIN11 Pro, 분홍색, 8GB, 256GB, A7","419,000",,0
"LG 노트북 그램 14Z980 가벼운 그램노트북 i5 DDR4 초고속 M.2 SSD 장착 윈도우10 프로, WIN10, 16GB, 256GB, 코어i5, 화이트","549,000",4.5,450
"LG그램15 코어i5(10세대/ 램 16G/ SSD 256G/ 윈도우11프로 초경량 1.09kg, 15ZB995, 코어i5, 256GB, 16GB, WIN10","759,000",5.0,25
"레노버 2023 아이디어패드 슬림 3 15ABR8 15.6 라이젠5 라이젠 7000 시리즈, ARCTIC GREY, 256GB, 16GB, Free DOS, 82XM0039KR","648,900",5.0,392
"레노버 아이디어패드 슬림 1 15IJL7 15.6 셀러론 인텔 10세대, SAND, 128GB, 4GB, WIN11 Home, 82LX00A7KR","369,000",4.5,183
"아우크웨이 16 노트북 12GB+512GB 인텔 N5095(최대 2.9Ghz) 4코어 Win 11 2.5K FHD 스크린(냉각팬 포함) 듀얼 WiFi 지원 1TB SSD 확장-보라, WIN11 Pro, 보라, 12GB, 512GB, A6","449,000",,0
"삼성전자 노트북 5 코어i5 6세대 SSD+HDD 듀얼 스토리지 탑재 NT501시리즈 블랙 윈도우10 Pro 탑재, WIN10 Pro, 16GB, 628GB","338,000",,0
"중고노트북 삼성 LG HP DELL 레노버 한성 ASUS 정품윈도우 SSD 대화면 노트북, 14/15인치, WIN10 Home, 4GB, 128GB, 코어i5, 블랙","98,000",4.0,51
"LG 8세대 GRAM 14Z980 코어i5 16GB SSD256GB Win10, WIN10 Pro, 256GB, 화이트","549,000",4.5,450
"LG전자 울트라PC 15U590 FHD 15인치 i5-8265U/16G/NVMe 1TB/UHD620/Win10, win10 pro, 16GB, 512GB, 코어i5, 화이트","499,000",5.0,20
"레노버 2024 아이디어패드 슬림 5 16IMH 코어Ultra5 인텔 14세대, Cloud Grey, 512GB, 16GB, Free DOS, 83DC0070KR","1,039,000",,0
"HP 2023 노트북 255 G10 15.6 라이젠5 라이젠 7000 시리즈, 실버, 256GB, 8GB, Free DOS, 8L8J5PA","589,000",5.0,161
삼성 노트북/NT200B5C/NT371B5J /I5 3320M 4G SSD128G/15.6인치 WIN10 Pro,"129,000",4.0,53
"삼성 노트북3 NT371B5J I5-4310M/8G/SSD256G/HD4600/15.6/WIN10, WIN10, 8GB, 256GB, I5, 투톤","189,000",4.0,231
"삼성노트북 NT301E5C-A i5 DDR3 8G SSD 128G 윈10, WIN10, 4GB, 128GB, 블랙","150,000",4.0,11
"레노버 2024 아이디어패드 슬림 5 14AHP9 라이젠7 라이젠 8000 시리즈, CLOUD GREY, 512GB, 16GB, Free DOS, 83DB003AKR","1,049,000",5.0,1
"네오북 2024 노트북 14.1 셀러론, 핑크, 128GB, 6GB, WIN11 Home, N14GO","259,000",3.0,2
"삼성 노트북5 NT501R5A i5-6200U SSD Win10 화이트 대화면 FHD, WIN10 Home, 8GB, 128GB","249,000",,0
"사무용 노트북 렌탈 대여 임대 사무용 가정용 회사용 관공서용 대량렌탈가능, 사무용노트북, WIN11 Pro, 8GB, 128GB, 코어i5, 15일","34,900",5.0,42
"레노버 ThinkPad E585 라이젠5 윈도우10Pro 15.6인치 노트북, WIN10 Pro, 8GB, 256GB","304,000",5.0,5
"HP 2024 노트북 15 코어7 인텔 14세대, 15-fd1027TU, Free DOS, 16GB, 512GB, 다이아몬드 화이트","959,000",,0
"삼성 노트북 I3-3210 4G ssd120G, 삼성노트북, 코어i5 3210, 120GB, 4GB, WIN10 Home","144,000",4.0,6
"삼성 NT901X3L i5 8G 128G Win10 중고노트북, NT901X3H, WIN10 Home, 8GB, 256GB, 코어i5","289,000",4.5,42
"삼성 LG HP 노트북 i5 가정 업무 게임 포토샵 주식용 Win10 무상1년 사은품, 실버/블랙, 삼성NT371B5J i7 게임용, 500GB, 8GB","346,000",4.5,157
"중고노트북 삼성 LG HP DELL 레노버 한성 ASUS 정품윈도우 SSD 대화면 노트북, WIN10 Home, 4GB, 128GB, 코어i5, 블랙","98,000",4.0,51
"레노버 2024 씽크북 16IML G7 ULT5 코어Ultra5, Arctic Grey, 1TB, 16GB, Free DOS, 21MS006WKR","1,164,900",5.0,4
"코어2듀오 SSD120G RAM 4G 사무용 노트북, 엘지/삼성, 윈도우7, 4GB, 128GB, 랜덤","109,000",4.0,6
"노트북렌탈 LG그램 사무용 갤럭시북 대여 인강용, 고사양 사무용노트북, WIN10 Home, 8GB, 256GB, 코어i5, 5일 렌탈","18,000",4.5,3
"사무용 노트북 렌탈 대여 임대 사무용 가정용 회사용 관공서용 대량렌탈가능, 사무용노트북, WIN11 Pro, 8GB, 128GB, 코어i5, 30일","49,900",5.0,42
"삼성전자 노트북 9 metal NT901X5L i5-6200U 8G SSD Win10, WIN10 Home, 8GB, 512GB, 코어i5","345,450",4.5,22
"레노버 2024 씽크북 16IML G7 ULT7 코어Ultra7, Arctic Grey, 1536GB, 16GB, Free DOS, 21MS006TKR","1,404,000",5.0,3
"삼성노트북 6세대 코어i5 블랙 사무용 8GB 128GB NT371B5L, NT501R3M, 코어i3, WIN10","279,300",4.5,29
"LG 울트라PC 15U560 6세대 코어i5 8G SSD128GB Win10 화이트, WIN10 Home, 8GB, 128GB","319,000",4.0,21
"[A급리퍼] 삼성 갤럭시북GO LTE 램4G SSD 128G 윈도우10, NT345XLA, WIN10 Home, 4GB, 128GB","209,000",,0
"SGIN 노트북 15.6 DDR4 8G SSD 256G 가성비노트북 사무용 회색, WIN11 Home, grey, 256GB, M15PRO-N, 8GB","229,000",5.0,6
"HP 14-ep0165TU - 학생용 인강용 가성비 저렴한 노트북, WIN11 Home, 32GB, 2TB, Silver","889,000",,0
"삼성노트북 NT301E5C-A i5 DDR3 8G SSD 128G 윈10, WIN10, 4GB, 256GB, 블랙","170,000",4.0,11
"삼성 LG HP 노트북 i5 가정 업무 게임 포토샵 주식용 Win10 무상1년 사은품, 블랙, 삼성NT371B5L, i5 6200, 500GB, 8GB","326,000",4.5,157
"A급중고 HP 430-G2 I5-4210/8G/SSD128G/HD4400/13.3/WIN10 대용량SSD장착, WIN10 Pro, 4GB, 128GB, 코어i5, 블랙","149,000",4.0,39
LG 15UB470 I5-6200/8G/SSD128G/HD520/15.6/WIN10,"299,000",4.5,100
"HP 2023 노트북 250 G10 15.6 코어i5 인텔 13세대, 블랙, 512GB, 16GB, Free DOS, G10-9F173PT","766,250",,0
"삼성전자 NT371B5L I7 16G 신품 SSD512 920MX WIN10, 블랙, 512GB, 16GB","379,000",4.0,26
"A급중고/삼성/LG/HP I5 I7 리퍼 중고노트북 리퍼노트북 게이밍노트북 기본SSD장착 WIN10, HP 430-G2, WIN10 Pro, 8GB, 128GB, 코어i5, 블랙","149,000",4.0,74
"HP 250 G5 6세대i5 8G램 256G SSD 15.6화면 윈도우10 신품배터리 무료교체 [200대 한정특가], 블랙, 코어i5, 256GB, 8GB, WIN10 Home","229,000",4.5,85
"HP 2024 노트북 15 N100, 실버, 128GB, 4GB, WIN11 S, 15-fd0247TU","389,000",4.5,21
"삼성 NT551EBE 15.6인치 인텔 8세대 Core-i5 SSD 탑재 윈도우11설치 중고노트북 가방 증정, 메탈릭 티탄, 코어i5, 1TB, 16GB, WIN11 Pro","567,000",4.5,117
레노버 아이디어패드 Slim1-15ALC R5 WIN11(설치) 16GB램 (SSD 500GB),"487,000",5.0,5
"LG노트북 15.6인치 울트라 PC 사무용 노트북 i7-6세대 SSD M.2 WIN10 11 (15U560), 15U560_G 10 11, WIN10 Pro, 8GB, 256GB, 그레이","369,000",5.0,1
"삼성노트북 가성비 사무용 13.3인치 i5-6세대 4G M.2 128G WIN10 (NT911S3L), NT911S3L, 4GB, 128GB","219,000",5.0,1
"삼성전자 2021 노트북 플러스2 15.6, 그라파이트, NT550XED-K24A, 펜티엄, 128GB, 8GB, WIN11 Pro","569,000",5.0,76
"레노버 2024 아이디어패드 프로 5 16AHP9 라이젠7 라이젠 8000 시리즈 지포스 RTX 4050, Arctic Grey, 1TB, 32GB, Win11 Home, IdeaPad PRO5 16AHP9","1,860,770",5.0,2
"삼성리퍼노트북 NT371B5L 코어i5 DDR4 초고속Nvme기본장착 WIN11업그레이드, WIN11 Home, 16GB, 256GB, 블랙","329,000",,0
"A급중고 HP 430-G2 I5-4210/8G/SSD128G/HD4400/13.3/WIN10 대용량SSD장착, WIN10 Pro, 4GB, 128GB, 코어i5, 블랙","149,000",4.0,39
"레노버 2024 LOQ 15IAX9I 코어i5 인텔 12세대 아크 A530M, Luna Grey, 512GB, 16GB, WIN11 Home, 83FQ000JKR","1,099,000",4.0,7
LG 15UB470 I5-6200/8G/SSD128G/HD520/15.6/WIN10,"299,000",4.5,100
DELL 델 인스피론 16 5620 UB04KR i5-1240P 512GB 16GB MX570 미사용 정품 리퍼 노트북,"949,000",,0
"점퍼노트북 14 슬림 비즈니스 노트북 FHD+IPS/DDR4 12G+SSD 512G 그레이, WIN11 Home, Grey, 12GB, 512GB, S5-12512-4100","266,000",5.0,8
"삼성전자 NT371B5L I7 16G 신품 SSD512 920MX WIN10, 블랙, 512GB, 16GB","379,000",4.0,26
"레노버 2024 아이디어패드 프로 5 16AHP9 라이젠7 라이젠 8000 시리즈 지포스 RTX 3050, Arctic Grey, 1TB, 16GB, WIN11 Home, IdeaPad PRO5 16AHP9","1,654,900",4.5,3
DELL 델 G15 DG5521SE UB03KR i7-12700H 1TB 16GB RTX 3060 FreeDOS 미사용 리퍼 게이밍 노트북,"1,499,000",,0
"LG 8세대 GRAM 14Z980 코어i5 16GB SSD256GB Win10, WIN10 Pro, 256GB, 화이트","549,000",4.5,450
"[미사용 정품 리퍼]레노버 씽크패드 T15p Gen2 Win11P 21A7002XKR 노트북, Black, ThinkPad T15p 21A7002XKR, 코어i5, 256GB, 8GB, WIN11 Pro","799,000",,0
"A급중고/삼성/LG/HP I5 I7 리퍼 중고노트북 리퍼노트북 게이밍노트북 기본SSD장착 WIN10, HP 430-G2, WIN10 Pro, 8GB, 128GB, 코어i5, 블랙","149,000",4.0,74
"HP 250 G5 6세대i5 8G램 256G SSD 15.6화면 윈도우10 신품배터리 무료교체 [200대 한정특가], 블랙, 코어i5, 256GB, 8GB, WIN10 Home","229,000",4.5,85
"HP 2023 노트북 255 G10 15.6 라이젠5 라이젠 7000 시리즈, 실버, 256GB, 8GB, Free DOS, 8L8J5PA","589,000",5.0,161
"HP 2024 엘리트북 860 G11 16 코어Ultra5 울트라 1세대, 실버, 512GB, 16GB, WIN11 Pro, G11-A1VH4PT","1,789,000",,0
"HP 2024 노트북 15 N100, 실버, 128GB, 4GB, WIN11 S, 15-fd0247TU","389,000",4.5,21
"LG그램 그램15 15Z960 (i5-6200U/i7-6500U/Win10 Pro) 15인치 노트북 [디에스컴], 다크 실버, 14Z970, I7, 256GB, 16GB, WIN10 PRO","488,000",4.5,85
"삼성전자 NT371B5L 램16G m.2 512G+500GB 윈도우10 듀얼하드, 블랙, 코어i5, 1012GB, 16GB, WIN10 Home","299,000",5.0,98
"삼성 15.6인치 12세대 갤럭시북2 윈도우11 홈, NT550XEZ, WIN11 Home, 16GB, 256GB, 그라파이트","699,000",5.0,1
"HP 2024 노트북 15 라이젠5 라이젠 7000 시리즈, Jet Black, 256GB, 8GB, Free DOS, 15-FC0223AU","999,000",,0
"LG전자 울트라 PC 지포스+듀얼스토리지 탑재 화이트 노트북 15UB470 코어i5-6200U 램12GB SSD128GB+HDD500GB 지포스940MX 윈도우10 Pro, 14UB470, WIN10 Pro, 12GB, 628GB","398,000",,0
"HP 2024 노트북 15 라이젠5 라이젠 7000 시리즈, Natural Silver, 512GB, 16GB, WIN11 Home, 15-FC0260AU","738,000",,0
"삼성 15.6인치 사무용 노트북 i5 6세대 SSD장착 윈10프로 무선마우스, WIN10 Pro, 블랙, 512GB, 코어i5, NT501R5A, 16GB","389,000",4.5,41
삼성전자 노트북 9 metal NT901X5L i5-6200U 8G SSD Win10,"287,680",4.5,41
DELL 레티튜드 E7470 i5 램8G 128G Win10 중고노트북 인강용,"159,000",5.0,3
"삼성 노트북3 NT371B5J I5-4310M/16G/SSD512G/HD4600/15.6/WIN10, WIN10 Pro, 16GB, 512GB, 코어i5, 블랙","285,840",4.0,231
"LG그램 14Z980 I5-8250U/16G/SSD512G/UHD620/14/WIN10, WIN10 Home, 16GB, 512GB, 코어i5, 스노우 화이트","580,000",4.5,450
"베이직스 2022 베이직북 14 3세대 셀러론, White, 256GB, 8GB, WIN11 Pro, BB1422SS","382,080",4.5,2083
"LG전자 울트라PC 15U470 i5-7200U 16G Win10, 16GB, 1256GB, 코어i5, 화이트","395,000",5.0,10
"삼성 15.6인치 사무용 노트북 i5 6세대 SSD장착 윈10프로 무선마우스, WIN10 Pro, 블랙, 256GB, 코어i5, NT501R5A, 8GB","319,000",4.5,41
"LG그램 14Z980 I5-8250U/8G/SSD256G/UHD620/14/WIN10, WIN10, 8GB, 256GB, I5, 스노우화이트","498,000",5.0,82
"MSI 2023 모던 14 라이젠5 라이젠 7000 시리즈, 매트블랙, 512GB, 8GB, Free DOS, MODERN 14 C7M-237XKR","589,000",5.0,70
"삼성 NT551EBE 8세대 i5 램8G SSD256 윈10 중고노트북, 코어i5, 256GB, 8GB, WIN10","329,000",4.5,117
LG 그램 14Z960 i5-6200 8G SSD256G Win10 가벼운 슬림한 노트북 980g,"389,560",4.0,85
"레노버 아이디어패드 Slim1-15ALC7, 15ALC7, Free DOS, 8GB, 256GB, 실버","469,000",5.0,9
"빅트랙 브이북 15.6 셀러론, Space Silver, 512GB, 8GB, Windows 11 HOME, VIC-LPTP01","359,000",5.0,43
"삼성 사무용 인강 노트북 인텔 i5 i7 SSD장착 윈10 홈, NT370E, WIN10 Home, 8GB, 256GB, 코어i5 6세대, 블랙","299,000",4.5,101
LG 그램 15N540 인텔 i5 RAM8G SSD256G Win10,"229,000",4.0,3
"아이뮤즈 2020 스톰북 14.1 셀러론, White, 64GB, 4GB, WIN11 Home, StormBooK14","193,030",4.0,325
"LG전자 그램 14 화이트 노트북 14Z980 코어i5-8250U 램12GB SSD256GB 윈10 탑재, WIN10 Home, 12GB, 256GB, 코어i5 8250U","598,000",4.5,450
"[nvme 1TB 무료UP] LG전자 그램 15Z980 8세대i5 램16G SSD256G 윈도우10 가벼운 노트북, WIN10 Pro, 16GB, 화이트","599,000",5.0,1
"A급중고 레노버 ThinkPad T480 I5-8350U/16G/SSD256GB/UHD620/14인치/WIN10, 블랙, 코어i5, 256GB, 16GB, WIN10 Pro","299,000",5.0,2
"NT371B5L I7-6820HQ/DDR4 16G/SSD512G/HD530/15.6 FHD/WIN10, 블랙, 코어i7, 512GB, 16GB, WIN10 Pro","369,000",4.5,66
"A급중고/삼성/LG/HP I5 I7 리퍼 중고노트북 리퍼노트북 게이밍노트북 기본SSD장착 WIN10, 삼성 NT200B5C 지포스, WIN10 Pro, 8GB, 128GB, 코어i5, 블랙","179,000",4.0,74
"LG 그램 14Z980 8세대 코어i5-8250U 14인치 윈도우10, WIN10, 16GB, 512GB, 코어i5, 화이트","559,000",4.5,450
"삼성 NT501R5L I5-6200/8G/SSD256G/15.6/WIN10, WIN10 Pro, 8GB, 256GB, 코어i5, 블랙","249,000",4.5,125
"LG 울트라PC 15U560 6세대 i5 지포스940M 15.6인치 윈도우10, 8GB, WIN10 Pro, 1012GB, 코어i5, 화이트","598,000",4.5,417
"LG 중고노트북 LG 그램 14인치 intel core-i5 6세대 15ZB970, 14ZB970, WIN11 Pro, 20GB, 512GB, 스노우화이트","437,000",4.5,2
"삼성 NT971B5L i5-6세대/SSD512장착/RAM16GB/WIN10/15.6""/FHD/, NT371B5L, WIN10 Pro, 16GB, 512GB, 코어i5, 블랙","299,000",4.0,11
"레노버 2023 아이디어패드 슬림 3 15ABR8 15.6 라이젠7 라이젠 7000 시리즈, ARCTIC GREY, 256GB, 16GB, Free DOS, 82XM0036KR","689,000",5.0,142
"레노버 2023 V15 G4 코어i5 인텔 13세대, Iron Gray, 256GB, 16GB, Free DOS, 83A10001KR","656,240",5.0,55
"삼성노트북 NT550XED-K24A 윈도우11탑재 가성비 인강용 사무용 학생용 업무용 노트북 추천 한컴오피스 증정, 그라파이트, 펜티엄, 512GB, 16GB, Windows11Pro","679,000",5.0,294
"레노버 2023 아이디어패드 슬림 3 16ABR8 16 라이젠5 라이젠 7000 시리즈, Arctic Grey (82XR), 256GB, 16GB, Free DOS, 82XR000HKR","591,200",5.0,244
"삼성전자 NT371B5J i5 8G SSD256GB Win10, 256GB, 8GB, WIN10 Home","230,000",4.0,7
"삼성노트북 NT550XED-K24A 윈도우11탑재 가성비 인강용 사무용 학생용 업무용 노트북 추천 한컴오피스 증정, 실버, 펜티엄, 512GB, 16GB, Windows11Pro","680,000",5.0,294
"레노버 2022 아이디어패드 슬림 3 17ABA7 17.3 라이젠5 라이젠 5000 시리즈, Arctic Grey, 512GB, 16GB, Free DOS, 82RQ004LKR","819,000",5.0,237
"삼성전자 노트북 5 코어i5 8세대 SSD탑재 NT551EBE 그레이 코어i5-8265U 램8GB SSD256GB 윈10 Pro 탑재, WIN10 Pro, 8GB, 256GB","367,000",4.5,30
"MSI Sword GF76 17.3 코어i7 인텔 13세대 지포스 RTX 4060, 블랙, 1TB, 32GB, WIN11 Pro, GF76 B13VFK","1,675,000",5.0,126
"HP 2023 네로 15s 가성비 사무용 노트북 [사은품증정], 15s-eq2259AU, WIN11 Pro, 32GB, 1TB, 라이젠7, 실버","869,000",5.0,26
"A급중고 LG 15N540 I5-4310M/16G/SSD256G/HD4600/15.6 HD/WIN10 게이밍북, WIN10 Pro, 16GB, 256GB, 코어i5, 실버","249,000",4.0,17
"레노버 2024 아이디어패드 슬림 5 라이트 14 라이젠7 라이젠 7000 시리즈, CLOUD GREY, 512GB, 16GB, Free DOS, 82XS003PKR","885,770",,0
"HP 2024 노트북 15 코어i3 인텔 13세대, 다이아몬드 화이트(커버) + 내추럴 실버(베이스), 512GB, 8GB, WIN11 Home, 15-fd0242TU","625,500",5.0,25
삼성 게이밍북 NT371B5J I5-4310M/8G/SSD256G/G820M/15.6/WIN10,"229,000",4.0,53
"삼성전자 갤럭시북4 프로 14인치 인텔 코어 울트라5 최신형 사무용 가벼운 터치 노트북, WIN11 Home, 16GB, 512GB, 플래티넘 실버","1,549,000",5.0,127
"레노버 2023 V15 G4 코어i5 인텔 13세대, Iron Gray, 256GB, 8GB, Free DOS, 83A10001KR","628,990",5.0,55
"델 2023 인스피론 15 3535 라이젠3 라이젠 7000 시리즈, 카본 블랙, 512GB, 8GB, WIN11 Home, DN3535-W003KR","549,000",4.5,22
LG전자 울트라북 15U50N i5-10세대 16GB 신품 SSD 1TB 윈10,"599,000",5.0,7
"네오북 2024 노트북 14.1 셀러론, 화이트, 128GB, 6GB, WIN11 Home, N14GO","259,000",3.0,2
"HP 2024 자비스 AI 노트북 15 코어Ultra5 인텔 14세대, Diamond White, 512GB, 16GB, WIN11 Home, 15-fd1156TU","998,990",4.5,53
"HP 네로 노트북 15-fc0219AU 라이젠5 라이젠 7000 시리즈, Jet Black, 512GB, 16GB, Free DOS, 15-fc2019AU","577,170",5.0,2
"LG전자 2023 울트라PC 15 코어i5 인텔 13세대, 화이트, 256GB, 8GB, WIN11 Home, 15U50R-GR56K","1,162,000",5.0,29
"삼성노트북 NT371B5J 사무용노트북, WIN10 Pro, 16GB, 240GB, 코어i5, 블랙","309,000",4.0,231
"삼성전자 갤럭시북 NT951XCJ i7 10세대/32G/NVMe 1TB/윈10Pro 15.6인치, WIN10 Pro, 32GB, 1TB, 화이트","799,000",5.0,1
"HP EliteBook 840-G3 I5-6300U/8G/SSD256G/HD520/14인치/WIN10 PRO, 코어i5, 256GB, 8GB, WIN10 Pro","199,000",4.0,16
LG 울트라PC 15UB470 i5 8G SSD128G 지포스940M Win10,"313,850",5.0,2
"삼성전자 갤럭시북4 프로 NT960XGK-K71A 16인치 인텔 울트라7 영상편집 사무용 코딩용 대학생 고사양 120Hz 터치스크린 윈도우11 노트북, WIN11 Home, 32GB, 1TB, 문스톤 그레이","2,189,000",5.0,496
"LG전자 울트라 PC 15.6 화이트 노트북 11세대 코어i5-1135G7U 램16GB SSD256GB 윈10 탑재, 15U시리즈, WIN10 Pro, 16GB, 256GB","678,000",,0
"HP 2024 노트북 15 N-시리즈, 웜 골드 커버 + 내추럴 실버 베이스, 128GB, 8GB, WIN11 S, 15-fd0247TU","419,000",4.5,21
"삼성전자 시리즈3 NT301E5C i5-3210M 4G SSD128 Win10, WIN10 Pro, 4GB, 128GB, 코어i5",,4.5,5
"삼성전자 갤럭시북4 울트라 16인치 인텔 울트라9 지포스 RTX4070 그래픽작업 및 산업디자인 추천 노트북 게이밍 노트북 서울/경기 퀵서비스 발송, L-X92AG, WIN11 Home, 32GB, 1TB, 문스톤 그레이","3,299,000",5.0,14
"삼성전자 갤럭시북 15.6 재택근무 학습용 노트북 한컴오피스팩 및 국내 정품 윈도우 패키지 동봉, R-A51AG, WIN11 Home, 16GB, 500GB, 그레이","999,000",5.0,2246
"에이수스 2024 ROG 스트릭스 G16 코어i9 인텔 13세대 지포스 RTX 4060, Eclipse Gray, 1TB, 16GB, Free DOS, G614JV-N4117","1,999,000",5.0,49
"LG전자 울트라 PC 15.6 화이트 노트북 11세대 코어i5-1135G7U 램16GB SSD256GB 윈10 탑재, 15U시리즈, WIN10 Pro, 16GB, 256GB","678,000",,0
"삼성전자 갤럭시북 프로 15.6인치 가벼운 대학생 사무용 업무용 가성비 인강용 포토샵 영상편집 캐드 주식 윈도우11정품 추천 노트북, NT950XEV, 윈도우11 Home, 16GB, 512GB, 그라파이트","1,249,000",5.0,1
"HP 2024 노트북 15 N-시리즈, 웜 골드 커버 + 내추럴 실버 베이스, 128GB, 8GB, WIN11 S, 15-fd0247TU","419,000",4.5,21
"삼성전자 갤럭시북4 프로 NT960XGK-K71A 16인치 인텔 울트라7 영상편집 사무용 코딩용 대학생 고사양 120Hz 터치스크린 윈도우11 노트북, WIN11 Home, 32GB, 1TB, 문스톤 그레이","2,189,000",5.0,496
"레노버 2022 아이디어패드 슬림 3 17ABA7 17.3 라이젠5 라이젠 5000 시리즈, Arctic Grey, 256GB, 24GB, Free DOS, 82RQ004LKR","799,000",5.0,237
"삼성전자 시리즈3 NT301E5C i5-3210M 4G SSD128 Win10, WIN10 Pro, 4GB, 128GB, 코어i5",,4.5,5
"삼성전자 2023 삼성 갤럭시북3 360 15.6 코어i5 인텔 13세대 Iris Xe, 미스틱 실버, 512GB, 16GB, WIN11 Home, NT750QFT-A51A","1,399,000",5.0,574
"삼성노트북 NT550XED-K24A 윈도우11탑재 가성비 인강용 사무용 학생용 업무용 노트북 추천 한컴오피스 증정, 그라파이트, 펜티엄, 512GB, 16GB, Windows11Pro","679,000",5.0,294
"LG 그램 15.6인치 i5 6세대 SSD장착 윈11 프로, 15Z960, WIN11 Pro, 8GB, 512GB","429,000",,0
"에이수스 2024 TUF 게이밍 A15 라이젠7 라이젠 7000 시리즈 지포스 RTX 4060, Mecha Gray, 512GB, 16GB, WIN11 Home, FA507NVR-LP005W","1,699,000",5.0,1
"네오북 2024 노트북 14.1 셀러론, 퍼플, 128GB, 6GB, WIN11 Home, N14GO","259,000",3.0,2
"듀얼코어 노트북 삼성 DELL 엘지 HP SSD, 외산, WIN7 Home, 120GB, 4GB, 배터리없음","89,000",2.5,2
"LG 15U590 I5-8265U/DDR4 8G/SSD128G/UHD620/15.6 FHD/WIN10 게이밍북, WIN10 Pro, 256GB, 8GB, 코어i5, 화이트","369,000",4.5,4
"MSI 2023 GF63 씬 12VE 15.6 지포스 RTX 4050, 블랙, 512GB, 16GB, Free DOS, MS-16R1","1,126,250",5.0,217
"HP 2024 자비스 AI 노트북 15 코어Ultra5 인텔 14세대, Natural Silver, 1024GB, 32GB, WIN11 Home, 15-fd1029TU_T3","1,155,270",4.5,53
"HP 2024 노트북 15 코어i3 인텔 13세대, 다이아몬드 화이트(커버) + 내추럴 실버(베이스), 512GB, 16GB, WIN11 Home, 15-fd0242TU","686,310",5.0,25
"MSI Sword GF76 게이밍 노트북 17.3 코어i7 인텔 13세대 지포스 RTX 4060, 블랙, 512GB, 16GB, Free DOS, B13VFK 212","1,369,000",4.5,409
"삼성전자 갤럭시북 프로 15.6인치 가벼운 대학생 사무용 업무용 가성비 인강용 포토샵 영상편집 캐드 주식 윈도우11정품 추천 노트북, NT950XEV, 윈도우11 Home, 16GB, 256GB, 그라파이트","1,199,000",5.0,1
"삼성전자 2023 갤럭시북3 360 15.6 코어i5 인텔 13세대 Iris Xe, 미스틱 실버, 512GB, 16GB, WIN11 Home, NT750QFT-A51A","1,399,000",5.0,413
"삼성전자 갤럭시북4 프로 14인치 인텔 코어 울트라5 최신형 사무용 가벼운 터치 노트북, WIN11 Home, 16GB, 512GB, 플래티넘 실버","1,549,000",5.0,127
"삼성전자 2024 갤럭시북4 프로 16 코어i7 인텔 13세대 Iris Xe, 그라파이트, NT960XFG-K71AR, 코어Ultra7, 1TB, 32GB, WIN11 Home","2,189,000",5.0,425
"삼성노트북 NT301E5C-A i5 DDR3 8G SSD 128G 윈10, WIN10, 8GB, 128GB, 블랙","170,000",4.0,11
"삼성 사무용 인강 노트북 인텔 i5 i7 SSD장착 윈10 홈, NT370E, WIN10 Home, 16GB, 512GB, 코어i5 6세대, 블랙","369,000",4.5,101
"LG 노트북 코어i5 4세대 8세대 15.6인치 SSD240G RAM8G 사무용 가정용 윈도우10, LG15N540, WIN10, 8GB, 256GB, 실버","271,950",4.5,59
"LG XNOTE 15U560 I5-6300U/8G/SSD128G/HD520/15.6/WIN10, WIN10","298,000",4.5,15
"코어2듀오 SSD120G RAM 4G 사무용 노트북, 엘지/삼성, 윈도우10, 4GB, 128GB, 랜덤","129,000",4.0,6
"에이수스 2024 비보북 고 15 코어i3 인텔 13세대, 쿨 실버, 512GB, 8GB, Free DOS, E1504GA-BQ483","429,000",5.0,7
"휴대용 LG 그램 노트북 렌탈 대여 임대 사무용 가정용 회사용 관공서용 대량렌탈가능, WIN10 Pro, 15일, 128GB, LG 그램 휴대용노트북, 8GB","55,000",,0
"노트북렌탈 LG그램 사무용 갤럭시북 대여 인강용, 고사양 사무용노트북, WIN10 Home, 8GB, 256GB, 코어i5, 30일 렌탈","69,900",4.5,3
"삼성노트북 NT301E5C-A i5 DDR3 8G SSD 128G 윈10, WIN10, 16GB, 256GB, 블랙","210,000",4.0,11
"삼성노트북 NT301E5C-A i5 DDR3 8G SSD 128G 윈10, WIN10, 8GB, 256GB, 블랙","190,000",4.0,11
"레노버 2024 아이디어패드 슬림 5 16AHP9 라이젠7 라이젠 8000 시리즈, CLOUD GREY, 512GB, 32GB, Free DOS, 83DD0036KR","1,199,000",4.5,22
레노버 아이디어패드 Slim1-15ALC7 R5-5500U 16GB 256GB WIN11 HOME 사무용 인강용 노트북 ED,"489,000",4.0,4
"레노버 2022 씽크패드 L13 G2 라이젠5 라이젠 5000 시리즈, Black, 256GB, 8GB, WIN10 Pro, ThinkPad L13 G2","419,000",5.0,2
"LG 노트북 코어i5 4세대 8세대 15.6인치 SSD240G RAM8G 사무용 가정용 윈도우10, LGS525, WIN10, 4GB, 128GB, 블랙","198,450",4.5,59
"삼성 15.6인치 12세대 갤럭시북2 윈도우11 프로, NT550XEZ, WIN11 Pro, 16GB, 512GB, 그라파이트","719,000",5.0,39
"레노버 2022 아이디어패드 슬림 1 15AMN7 15.6 라이젠3 라이젠 7000 시리즈, Cloud Grey (82VG), 256GB, 8GB, WIN11 Home, 82VG002FKR","530,000",5.0,1377
"아이뮤즈 2020 스톰북 14.1 셀러론, White, 64GB, 4GB, Free DOS, StormBooK14","188,100",4.0,325
"네오북 2024 노트북 14.1 셀러론, 블랙, 128GB, 6GB, WIN11 Home, N14GO","259,000",3.0,2
"레노버 2023 아이디어패드 슬림 5 16IAH8 16 코어i5 인텔 12세대, 클라우드 그레이, 512GB, 16GB, WIN11 Home, 83BG0008KR","829,610",5.0,72
"삼성 NT371B5J 지포스2G 그래픽 i7 16G 512G Win10, WIN10 Pro, 16GB, 512GB, 코어i7, 혼합색상","369,000",4.0,231
"삼성전자 갤럭시북 15.6 재택근무 학습용 노트북 한컴오피스팩 및 국내 정품 윈도우 패키지 동봉, NT550-I5, WIN11 Home, 8GB, 250GB, 코어i5, 그라파이트","829,000",5.0,2246
"LG전자 울트라PC 15인치 2023 최신 RAM 8GB SSD 256GB 윈도우11, 15UD40R-GX56K, WIN11 Home, 16GB, 512GB, 라이젠5, 화이트","759,000",5.0,18
"삼성노트북 NT301E5C-A i5 DDR3 8G SSD 128G 윈10, WIN10, 16GB, 128GB, 블랙","190,000",4.0,11
"삼성 노트북 15.6인치 NT371B5L 사무용 가정용 인강용 게이밍 롤 포토샵 i5 ssd탑재 윈10 pro, 코어i5, 512GB, 16GB, WIN10 Pro","389,000",4.5,88
[삼성전자] [삼성전자] 갤럭시북2 NT550XEZ-A58A [그라파이트][기본제품],"569,000",4.5,4
"[도시바 Z30-C] 노트북 인텔 6세대 i7-6600 8G SSD256G 윈10 13.3인치 터치북, Z30-C, WIN10 Pro, 8GB, 256GB, 코어i7, 밤색","248,000",5.0,1
"LG 8세대 GRAM 14Z980 코어i5 16GB SSD256GB Win10, 4. 14Z980, WIN10 Home, 8GB, 256GB","498,000",4.5,450
"삼성 NT551EBE 15.6인치 인텔 8세대 Core-i5 SSD 탑재 윈도우11설치 중고노트북 가방 증정, 메탈릭 티탄, 코어i5, 756GB, 8GB, WIN11 Pro","370,010",4.5,117
"레노버 아이디어패드 Slim1-15ALC7, 15ALC7, WIN11설치, 16GB, 256GB, 실버","479,000",5.0,9
"삼성 NT501R5A I5-6200U/8G/SSD128G/HD520/15.6/FHD/WIN10, WIN10 Pro, 8GB, 128GB, 코어i5, 블랙","249,000",4.5,125
"삼성 NT901X3L i5 8G 128G Win10 중고노트북, WIN10 Home, 8GB, 128GB, 코어i5, 아이언실버","264,000",4.5,42
"Apple 2020 맥북 에어 13, 스페이스 그레이, M1, 256GB, 8GB, A2337","979,000",5.0,13037
"레노버 2023 아이디어패드 슬림 5 16IAH8 16 코어i5 인텔 12세대, 클라우드 그레이, 512GB, 16GB, Free DOS, 83BG0008KR","630,750",5.0,72
"에이서 24년 최신 AI CPU R7 8845HS 16인치 게이밍노트북 NITRO V 16 RTX4050, ANV16-41-R584, WIN11 Home, 16GB, 512GB, 블랙","1,159,000",4.5,8
"삼성센스 NT371B5L I5-6300HQ/16G/SSD256G/HD530/15.6 FHD/WIN10 PRO, 코어i5, 256GB, 16GB, WIN10 Pro","287,000",4.5,66
"HP 2024 자비스 AI 노트북 15 코어Ultra5 인텔 14세대, Natural Silver, 512GB, 16GB, Free DOS, 15-fd1030TU","898,990",4.5,53
"LG 울트라PC 15UB470 i7 16G 512G 지포스그래픽 Win10, WIN10 Home, 16GB, 512GB, 코어i7, 화이트","499,000",4.5,2
"LG노트북 15.6인치 울트라 PC 사무용 노트북 i7-6세대 SSD M.2 WIN10 11 (15U560), 15U560_G 10 11, WIN10 Pro, 8GB, 256GB, 그레이","369,000",5.0,1
"레노버 2024 아이디어패드 슬림 5 14AHP9 라이젠7 라이젠 8000 시리즈, CLOUD GREY, 512GB, 32GB, Free DOS, 83DB001HKR","1,107,990",4.5,13
"HP EliteBook 850-G6 I5-8265U/16G/SSD256G/UHD620/15.6 FHD/WIN10 PRO, WIN10 Pro, 16GB, 256GB, 코어i5, 실버","298,000",5.0,1
"LG전자 그램 14 코어 울트라5 인텔 Iris, 에센스 화이트, 256GB, 8GB, WIN11 Home, 14Z90S-GR5CK","1,440,000",5.0,26
"삼성노트북 NT550XED-K24A 윈도우11탑재 가성비 인강용 사무용 학생용 업무용 노트북 추천 한컴오피스 증정, 그라파이트, 펜티엄, 128GB, 8GB, Windows11Pro","570,000",5.0,294
"NT371B5L I5-6300HQ/16G/SSD512G/지포스 MX920/15.6/WIN10, 블랙, 코어i5, 512GB, 16GB, WIN10 Pro","349,000",4.5,66
"LG 울트라PC 15UB470 6세대 i5 램16G HD520 15.6인치 윈10, WIN10, 16GB, 628GB, 코어i5, 퓨어 화이트","372,900",5.0,18
"HP 15 노트북 코어i5 인텔 13세대, Natural Silver, 512GB, 32GB, WIN11 Home, 15-fd0096TU","898,000",4.5,1013
"노트북렌탈 LG그램 사무용 갤럭시북 대여 인강용, 고사양 사무용노트북, WIN10 Home, 8GB, 256GB, 코어i5, 10일 렌탈","29,900",4.5,3
"LG전자 울트라PC 15인치 2023 최신 RAM 8GB SSD 256GB 윈도우11, 15UD40R-GX56K, WIN11 Home, 라이젠5, 화이트","659,000",5.0,18
"삼성전자 2021 노트북 플러스2 15.6, 그라파이트, NT550XED-K24A, 펜티엄, 128GB, 8GB, WIN11 Pro","569,000",5.0,76
"삼성 노트북 갤럭시북2 NT550XEZ-A58A, NT550XEZ-A58AG, 운영체제 미포함, 8GB, 256GB, 그라파이트","569,000",5.0,1
"베이직스 2022 베이직북14 3세대 데스크핏 풀패키지 + 플러스케어 + 데스크매트 + 키스킨 + 무선마우스 셀러론, White, 256GB, 8GB, WIN11 Pro, BB1422SS","398,000",4.5,62
"삼성 노트북 코어i5 4세대 3세대 2세대 15.6인치 신품SSD 사무용 가정용 윈도우10 NT370E5J NT202B5B NT202B5C 무상AS 1년, WIN10, 4GB, 128GB, 블랙","209,000",4.5,24
"레노버 아이디어패드 Slim1-15ALC7, 15ALC7, Free DOS, 16GB, 256GB, 실버","429,000",5.0,9
"LG전자 2023 울트라 PC 15, 화이트, 256GB, 8GB, WIN11 Home, 15U40R-GR36K","929,000",5.0,51
"HP 2023 빅터스 15 코어i5 인텔 12세대 지포스 RTX 4050, Mica Silver, 512GB, 16GB, Free DOS, 15-fa1108TX","1,138,500",5.0,480
"LG 울트라 PC 15.6인치 7세대 SSD장착 윈도우10 프로, 15UB470, WIN10 Pro, 16GB, 512GB","389,000",5.0,1
"삼성 사무용 인강 노트북 인텔 i5 i7 SSD장착 윈10 홈, NT370E, WIN10 Home, 4GB, 128GB, 코어i5 4세대, 블랙","239,000",4.5,101
"HP 2024 프로북 455 G10 15.6 라이젠5 라이젠 7000 시리즈, 실버, 512GB, 8GB, Free DOS, G10-9F1G9PT","525,260",5.0,1
"삼성전자 갤럭시북 프로 15.6인치 가벼운 대학생 사무용 업무용 가성비 인강용 포토샵 영상편집 캐드 주식 윈도우11정품 추천 노트북, NT950XEV, 윈도우11 Home, 16GB, 1TB, 그라파이트","1,299,000",5.0,1
"에이수스 2024 TUF 게이밍 A16 라이젠9 라이젠 7000 시리즈 지포스 RTX 4070, Mecha Gray, 1TB, 32GB, Free DOS, FA607PI-QT037","1,828,700",4.0,36
"삼성전자 갤럭시북 프로 15.6인치 가벼운 대학생 사무용 업무용 가성비 인강용 포토샵 영상편집 캐드 주식 윈도우11정품 추천 노트북, NT950XEV, 윈도우11 Home, 16GB, 512GB, 그라파이트","1,249,000",5.0,1
"삼성전자 갤럭시북4 15.6 코어I5 13세대 한컴오피스팩 및 무선마우스, R-A51AS, WIN11 Home, 16GB, 512GB, 실버","999,000",5.0,366
"삼성전자 갤럭시북3 울트라 16인치 Intel 13세대 I9 32GB RTX4070 (서울/경기 무료퀵발송), 그라파이트, NT960XFH-X92AG, 코어i9, 4TB, WIN11 Home","3,599,000",5.0,45
"삼성전자 갤럭시북4 15.6 코어I5 13세대 한컴오피스팩 및 무선마우스, R-A51AS, WIN11 Home, 16GB, 256GB, 실버","998,000",5.0,366
"삼성전자 노트북 NT550XED-K24A 한컴오피스 증정(펜티엄 39.6cm Win11Pro RAM (8GB/16GB) SSD 378/628GB), 그라파이트(D-K24AG), 펜티엄, 628GB, 8GB, WIN11 Pro","649,000",5.0,206
"레노버 2024 씽크북 16IML G7 ULT5 코어Ultra5, Arctic Grey, 1TB, 32GB, Free DOS, 21MS006WKR","1,053,490",5.0,4
명품노트북 레노버 X13 I5-10310u/16G/SSD256G/UHD/13.3인치/WIN10,"398,000",,0
"삼성 LG HP 노트북 i5 가정 업무 게임 포토샵 주식용 Win10 무상1년 사은품, 다크실버, LG 15U780 i7게임용, 코어i7, 240GB, 16GB, Win11","656,000",4.5,157
"삼성노트북 NT550XED-K24A 윈도우11탑재 가성비 인강용 사무용 학생용 업무용 노트북 추천 한컴오피스 증정, 그라파이트, 펜티엄, 628GB, 16GB, Windows11Pro","699,000",5.0,294
"레노버 2022 아이디어패드 슬림 1 15AMN7 15.6 라이젠5 라이젠 7000 시리즈, Cloud Grey (82VG), 256GB, 8GB, Free DOS, 82VG002FKR","548,560",4.5,522
"삼성리퍼노트북 NT371B5L 코어i5 DDR4 초고속Nvme기본장착 WIN11업그레이드, WIN11 Home, 16GB, 256GB, 블랙","329,000",,0
"에이수스 2024 비보북Go 15 E1504FA-BQ476 15.6 라이젠5 Radeon, 쿨 실버, 512GB, 16GB, Win11 Home","752,960",5.0,769
"레노버 2023 아이디어패드 슬림 3 15IAH8 코어i5 인텔 12세대, Arctic Grey, 512GB, 16GB, WIN11 Home, 83ER0061KR","859,000",5.0,2
"삼성 노트북 초경량 초슬림 중고노트북 NT901X3L(H) i5-6200U 8GB SSD266GB 13인치 윈도우10, NT901X3L, WIN10 Pro, 256GB, 코어i5, 실버","247,000",4.5,7
"레노버 IdeaPad Slim3 15IAU7 15.6 코어i3 인텔 12세대, Gray, 256GB, 16GB, WIN11 Home, 82RK004PKR","509,000",5.0,69
"HP EliteBook 830-G6 I5-8265U/16GB/SSD256GB/UHD620/13.3 FHD/WIN10, WIN10 Pro, 16GB, 256GB, 코어i5, 실버","299,000",4.5,3
"LG 2023 울트라PC 15UD50R-GX56K [이벤트 한정특가 / 사은품증정], WIN11 Pro, 32GB, 1TB, 코어i5, 화이트","999,000",4.5,14
"에이수스 2024 비보북 17 코어i5 인텔 13세대, 콰이어트 블루, 512GB, 8GB, Free DOS, X1704VA-AU316","699,000",5.0,6
"삼성 15.6인치 12세대 갤럭시북2 윈도우11 프로, NT550XEZ, WIN11 Pro, 16GB, 512GB, 그라파이트","719,000",5.0,39
"삼성 노트북 사무 가정 게임용 신품SSD 윈도우10, 삼성 NT371B5L, Win10 Pro, 8GB, 240GB, i5 6200, 블랙","300,000",4.5,15
"갤럭시북 3 울트라 NT960XFH-X92AG 13세대 i9 32G 1TB RTX4070 윈 11 홈 탑재, WIN11 Home, 32GB, 그라파이트","2,799,000",,0
"[삼성전자] 갤럭시북2 NT550XEZ-A38A [실버] [기본제품], WIN11 Pro, 8GB, 256GB, 코어i3","639,000",4.5,2
"레노버 2023 아이디어패드 슬림 3 15ABR8 15.6 라이젠5 라이젠 7000 시리즈, ARCTIC GREY, 256GB, 16GB, WIN11 Home, 82XM0039KR","663,000",5.0,392
"MSI 2023 알파 17 라이젠9 라이젠 7000 시리즈 지포스 RTX 4070, 블랙, 1TB, 16GB, Free DOS, MS-17K","2,099,000",4.5,92
"MSI 2023 GF63 씬 12UCX-i5 / +마우스증정, Thin GF63 12UCX-i5, WIN11 Home, 16GB, 512GB, 코어i5, 블랙","869,000",5.0,8
"에이수스 2024 비보북 S 15 라이젠5 라이젠 7000 시리즈, 뉴트럴 블랙, 512GB, 16GB, Free DOS, M5506NA-MA036","899,000",5.0,7
"레노버 2024 요가 슬림 7 14IMH9 코어Ultra7 인텔 14세대, Luna Grey, 1TB, 32GB, Free DOS, 83CV0025KR","1,449,000",5.0,5
"HP 2023 오멘 16 라이젠7 라이젠 7000 시리즈 지포스 RTX 4060, 쉐도우 블랙, 512GB, 16GB, WIN11 Home, 16-xf0052AX","1,849,890",5.0,483
"삼성노트북 NT550XED-K24A 윈도우11탑재 가성비 인강용 사무용 학생용 업무용 노트북 추천 한컴오피스 증정, 그라파이트, 펜티엄, 378GB, 8GB, Windows11Pro","599,000",5.0,294
LG 그램 14Z960 i5-6200 8G SSD256G Win10 가벼운 슬림한 노트북 980g,"375,000",5.0,2
"삼성 노트북 15.6인치 NT371B5L 사무용 가정용 인강용 게이밍 롤 포토샵 i5 ssd탑재 윈10 pro, 코어i5, 256GB, 8GB, WIN10 Pro","319,000",4.5,88
"레노버 2024 아이디어패드 5i 프로 14IMH 코어Ultra7, Arctic Grey, 1TB, 32GB, Free DOS, 83D2001DKR","1,399,000",4.5,22
"레노버 2024 아이디어패드 슬림 5 16IMH OLED 코어Ultra7 인텔 14세대, 클라우드 그레이, 1TB, 32GB, Free DOS, 83DC002TKR","1,239,000",5.0,8
"HP ProBook 450 G7 15.6인치 인텔 10세대 Core-i3 RAM 16GB NVMe SSD 256GB~1TB + HDD 1TB 윈도우11설치 사무용 중고노트북, 실버, 코어i3, 1256GB, WIN11 Pro","399,000",5.0,5
"삼성전자 갤럭시북4 15.6 코어I5 13세대 한컴오피스팩 및 무선마우스, R-A51AS, Linux, 16GB, 256GB, 실버","749,000",5.0,366
"DELL 인스피론15 DN3520-UB02KR *UB07KR 모델로 출고됩니다*, WIN11 Home, 32GB, 1TB, 카본블랙","679,000",5.0,3
"LG전자 그램 Pro 16 코어 울트라5 RTX3050, 에센스 화이트, 256GB, 16GB, WIN11 Home, 16Z90SP-EA5CK","2,099,000",5.0,68
"CHUWI MINIBOOK X N100 미니북 노트북 태블릿 포함 윈도우 11, CHUWI Minibook X 10.5인치 미니북, WIN11 Home, 12GB, 512GB","389,900",5.0,2
"MSI Sword GF76 17.3 코어i7 인텔 13세대 지포스 RTX 4060, 블랙, 1TB, 16GB, WIN11 Pro, GF76 B13VFK","1,599,000",5.0,126
"HP 2023 빅터스 15 코어i5 인텔 13세대 지포스 RTX 4050, Mica Silver, 512GB, 16GB, Free DOS, 15-fa1014TX","1,085,880",5.0,142
"HP 프로북 430 G3 13.3인치 인텔 6세대 Core-i5 M.2 SSD탑재 윈도우11설치 중고노트북 1.5Kg ProBook, ProBook 430 G3, WIN11 Pro, 8GB, 756GB, 코어i5","269,000",4.0,22
"레노버 2024 아이디어패드 슬림 5 14IMH 코어Ultra5 인텔 14세대, Cloud grey, 512GB, 16GB, Free DOS, 83DA002FKR","959,000",5.0,4
"노트북렌탈 LG그램 사무용 갤럭시북 대여 인강용, 고사양 사무용노트북, WIN10 Home, 8GB, 256GB, 코어i5, 25일 렌탈","61,000",4.5,3
"HP 2023 노트북 255 G10 15.6 라이젠5 라이젠 7000 시리즈, 실버, 256GB, 8GB, Win11 Home, 8L8J5PA","762,960",5.0,161
"LG그램 16인치 17인치 11세대 인텔 i7 Win11 360도 터치스크린 터치펜포함 RAM 16GB NVMe 512GB 16:10 블랙 16T90P-K.AAE7U1, 15인치터치, i5, WIN11 Home","1,229,000",5.0,163
"HP 2023 노트북 15s 코어i5 인텔 12세대, 화이트, 512GB, 16GB, Free DOS, 15s-fq5304TU","598,430",5.0,48
"HP 2023 빅터스 15 코어i5 인텔 12세대 지포스 RTX 4050, Mica Silver, 512GB, 16GB, WIN11 Home, 15-fa1108TX","1,312,460",5.0,480
"HP 2023 노트북 14 라이젠5 라이젠 7000 시리즈, Natural Silver, 512GB, 16GB, Free DOS, 14-em0070AU","588,550",4.5,27
"HP 2024 노트북 17s 코어i7 인텔 12세대, 네추럴 실버, 512GB, 16GB, WIN11 Home, 17s-cu2022TU Super","948,980",,0
"삼성 노트북 코어i5 4세대 3세대 2세대 15.6인치 신품SSD 사무용 가정용 윈도우10 NT370E5J NT202B5B NT202B5C 무상AS 1년, WIN10, 4GB, 128GB, 블랙","219,000",4.5,24
"LG전자 그램 Pro 16 코어 울트라5 RTX3050, 옵시디안 블랙, 512GB, 16GB, WIN11 Home, 16Z90SP-EA5BK","2,320,000",5.0,68
"HP 2023 오멘 16 라이젠7 라이젠 7000 시리즈 지포스 RTX 4060, 쉐도우 블랙, 1TB, 16GB, WIN11 Home, 16-xf0052AX","1,898,000",5.0,483
"LG전자 2023 그램 17인치 인텔 i5 13세대 윈도우11 16GB 256GB, 17ZD90RU-GX56K, WIN11 Home, 코어i5, 화이트","1,369,000",5.0,100
"삼성 NT911S5K I5-5200/8G/SSD256G/HD5500/15.6/WIN10 SSD기본장착, WIN10 Pro, 8GB, 512GB, 코어i5, 실버","229,000",4.0,5
"레노버 2023 아이디어패드 슬림 3 16ABR8 16 라이젠7 라이젠 7000 시리즈, Arctic Grey, 512GB, 16GB, Free DOS","840,920",5.0,35
"삼성전자 갤럭시북4 15.6 코어I5 13세대 한컴오피스팩 및 무선마우스, R-A51AG, WIN11 Pro, 16GB, 512GB, 그레이","1,049,000",5.0,366
"MSI 2023 GF63 씬 12VE 15.6 코어i5 인텔 12세대 지포스 RTX 4050, 블랙, 512GB, 8GB, Free DOS, MS-16R1","1,099,000",5.0,217
"MSI 2023 GF63 씬 15.6 코어i5 인텔 12세대 지포스 RTX 2050, 블랙, 512GB, 8GB, Free DOS, Thin GF63 12UCX-i5 (636XKR)","805,510",5.0,26
"앱코 NCORE 노트북 쿨링 패드 받침대 NC30, 혼합 색상","23,700",4.5,4866
"HP 2022 노트북 17s 코어i5 인텔 12세대, 네추럴 실버, 512GB, 16GB, WIN11 Home, 17s-cu2032TU","819,150",4.5,25
"에이수스 2024 젠북 14 OLED 코어울트라, 포기 실버, 512GB, 16GB, WIN11 Home, UX3405MA-QD441W","1,199,000",5.0,13
"레노버 2024 씽크북 14IML G7 ULT5 코어Ultra5, Arctic Grey, 512GB, 16GB, Free DOS, 21MR006CKR","1,047,810",5.0,2
"LG 2023 울트라PC 엣지 16 라이젠5 라이젠 7000 시리즈, 차콜 그레이, 256GB, 16GB, WIN11 Home, 16U70R-HA56K","1,178,000",4.5,308
"삼성전자 갤럭시북4 NT750XGR-A51A, Free DOS, 16GB, 512GB, 실버","829,000",5.0,1
"A급중고 HP 840-G3 i7-6600U/8G/SSD256G/HD520/14인치/WIN10, 코어i7, 256GB, 8GB, WIN10 Home, 840-G3-NBI7FD","298,000",4.0,16
레노버 아이디어패드 Slim1-15ALC7 R5-5500U 16GB 256GB WIN10 HOME 사무용 인강용 노트북 ED,"469,000",5.0,1
"MSI 2023 모던 15 라이젠5 라이젠 7000 시리즈, MS-15H, Free DOS, 8GB, 512GB, 블랙","539,000",,0
"에이수스 2023 젠북 15 라이젠5 라이젠 7000 시리즈, 폰더 블루, 512GB, 16GB, Free DOS, UM3504DA-BN144","865,190",5.0,35
"레노버 V15 G4 ABP R5 + Win11 / 루시엔 / 300Nits / IPS패널 / PD 3.0, WIN11 Pro, 8GB, 256GB, Iron Grey","495,000",,0
"레노버 2024 V15 G4 13420H 코어i5 인텔13세대, Iron grey, 256GB, 8GB, Free DOS, 83A100HJKR","649,000",5.0,12
"삼성전자 갤럭시북4 14세대 코어7 WIN11 구매사은품 블루투스무소음마우스, A51A(실버), NT950XGQ-A51AS, 코어Ultra5, 512GB, 16GB, WIN11 Home","1,499,000",5.0,699
"LG전자 PC그램 15Z960 i5 8G SSD256 Win10 가벼운 노트북, WIN10 Home, 8GB, 256GB, 코어i5, 스노우 화이트",,4.5,28
"삼성전자 갤럭시북Go NT345XPA-K14AS 윈도우탑재 태블릿 휴대용 가성비 학생용 문서작성 셀룰러 데이터공유 LTE USIM, WIN11 Home, 4GB, 128GB, 실버","399,000",5.0,22
"HP 2023 파빌리온 플러스 14 코어i7 인텔 13세대, 내추럴 실버, 512GB, 16GB, WIN11 Home, 14-ew0019TU","1,288,830",5.0,21
"HP 2023 오멘 16 라이젠7 라이젠 7000 시리즈 지포스 RTX 4060, 쉐도우 블랙, 512GB, 16GB, WIN11 Home, 16-xf0052AX","1,849,890",5.0,483
"레노버 2022 아이디어패드 슬림 3 17ABA7 17.3 라이젠5 라이젠 5000 시리즈, Arctic Grey, 1TB, 16GB, Free DOS, 82RQ004LKR","833,350",5.0,237
"삼성전자 갤럭시북4 프로360 NT960QGK-K71AR 인텔 코어 울트라 7 삼성노트북 고해상도 AI 노트북 사무용 노트북 대학생 노트북 2in1 노트북 S펜 포함, WIN11 Home, 32GB, 2TB, 문스톤그레이","2,499,000",5.0,144
"레노버 2023 V15 G4 IRU, Iron Gray, 256GB, 16GB, Free DOS, 83A10000KR","491,580",4.0,2
"HP 2024 노트북 17 코어i5 인텔 13세대, Natural Silver, 512GB, 16GB, WIN11 Home, 17-cn3036TU Super","883,150",5.0,3
"LG전자 2023 울트라PC 15 코어i3 인텔 13세대, 화이트, 256GB, 8GB, WIN11 Home, 15U50R-GR36K","649,000",4.5,73
"삼성노트북 NT550XED-K24A 윈도우11탑재 가성비 인강용 사무용 학생용 업무용 노트북 추천 한컴오피스 증정, 그라파이트, 펜티엄, 512GB, 16GB, Windows11Pro","679,000",5.0,294
"레노버 아이디어패드 슬림 3 14IAH8 코어i5 인텔 12세대, ARCTIC GREY, 256GB, 16GB, WIN11 Home, 83EQ002QKR","769,000",4.5,68
"갤럭시북 3 울트라 NT960XFH-X92AG 13세대 i9 32G 1TB RTX4070 윈 11 홈 탑재, WIN11 Home, 32GB, 그라파이트","2,799,000",,0
"레노버 2024 아이디어패드 슬림 5 16IMH 코어Ultra5 인텔 14세대, Cloud Grey, 512GB, 16GB, Free DOS, 83DC002XKR","969,000",5.0,3
"레노버 2024 아이디어패드 프로 5i 16IMH 코어Ultra7 인텔 14세대, Arctic Grey, 1TB, 32GB, Free DOS, 83D4005AKR","1,399,000",5.0,10
"레노버 2024 아이디어패드 슬림 5 16IMH 코어Ultra5 인텔 14세대, Cloud Grey, 512GB, 16GB, Free DOS, 83DC002VKR","1,039,000",5.0,3
"HP 2023 파빌리온 플러스 16 코어i7 인텔 13세대 지포스 RTX 3050, 내추럴 실버, 1TB, 16GB, WIN11 Home, 16-ab0004TX","1,598,430",5.0,21
"에이수스 2024 ROG 스트릭스 G16 코어i9 인텔 13세대 지포스 RTX 4060, Eclipse Gray, 1TB, 16GB, Free DOS, G614JV-N4117","1,999,000",5.0,49
"레노버 2024 아이디어패드 5i 프로 14IMH 코어Ultra7, Arctic Grey, 2TB, 32GB, Free DOS, 83D2001DKR","1,448,450",4.5,22
"LG전자 2023 울트라 PC 엣지 16 라이젠5 라이젠 7000 시리즈, 차콜 그레이, 256GB, 16GB, WIN11 Home, 16U70R-GA5HK","1,025,000",5.0,3
"HP 2023 노트북 15 코어i5 인텔 13세대, Natural Silver, 512GB, 16GB, WIN11 Home, 15-fd0096tu","858,990",4.5,1013
"삼성전자 갤럭시북4 프로 NT960XGQ-A51A 인텔 울트라5 색상선택 16인치 고해상도 AI 노트북 사무용 대학생 터치스크린 노트북, 플레티넘실버, NT960XGQ-A51AS, 코어Ultra5, 512GB, 16GB, WIN11 Home","1,599,000",5.0,357
"삼성전자 갤럭시북4 울트라 NT960XGL-X72A 인텔 코어 Ultra 7 16인치 RTX4050 크리에이터 전문가 노트북 고사양 AI 노트북, X72A, WIN11 Home, 32GB, 1TB, 문스톤그레이","3,199,000",5.0,3
"LG그램 16인치 17인치 11세대 인텔 i7 Win11 360도 터치스크린 터치펜포함 RAM 16GB NVMe 512GB 16:10 블랙 16T90P-K.AAE7U1, 그레이, 16인치터치, 1TB, 32GB, WIN11 Home","1,699,000",5.0,163
"레노버 2023 아이디어패드 슬림 3 15ABR8 15.6 라이젠7 라이젠 7000 시리즈, ARCTIC GREY, 256GB, 16GB, WIN11 Home, 82XM0036KR","872,960",5.0,142
"LG전자 그램 15 코어 울트라5 인텔 Arc, 15Z90S-GA5PK, WIN11 Home, 16GB, 256GB, 에센스 화이트","1,607,620",5.0,129
"베이직스 2023 베이직북S 10.1 셀러론, White, 128GB, 8GB, WIN11 Pro, BB1022FW","397,000",4.5,375
"플립북 2022 14 Wireless, 실버, 0GB, 0GB, Free DOS, FLIPBOOK14W","441,080",4.5,389
"레노버 2023 V14 G4 IRU, Iron Gray, 256GB, 8GB, Free DOS, 83A00007KR","630,000",5.0,1
"레노버 2022 씽크북 16 G4+ IAP 16 코어i5 인텔 12세대, Arctic grey, 256GB, 16GB, Free DOS, 21CY005LKR","899,000",5.0,3
"레노버 2022 씽크북 16 G4+ IAP 16 코어i7 인텔 12세대, Arctic grey, 512GB, 16GB, Free DOS, 21CY005HKR","1,149,000",5.0,19
"LG 2023 울트라PC 15UD50R-GX56K [이벤트 한정특가 / 사은품증정], WIN11 Pro, 16GB, 512GB, 코어i5, 화이트","899,000",4.5,14
"MSI Sword GF76 17.3 코어i7 인텔 13세대 지포스 RTX 4060, 블랙, 2TB, 64GB, WIN11 Pro, GF76 B13VFK","1,999,000",5.0,126
"HP 2024 엔비 x360 16 코어Ultra7, Glacier Silver, 1TB, 32GB, WIN11 Home, 16-ac0020TU","1,830,670",4.0,4
"HP 2024 빅터스 16 라이젠5 라이젠 8000 시리즈 지포스 RTX 4060, Mica Silver, 512GB, 16GB, Free DOS, 16-s1038AX","1,487,040",5.0,18
"HP 2024 오멘 16 코어i5 인텔 13세대 지포스 RTX 4060, Shadow Black, 1024GB, 32GB, WIN11 Home, 16-wf0186TX","1,814,900",4.0,24
"에이수스 2023 비보북 16 라이젠5 라이젠 7000 시리즈, Cool Silver, 512GB, 8GB, Free DOS, M1605YA-MB299","583,000",5.0,19
"MSI 2023 GF63 씬 15.6, 블랙, 512GB, 16GB, Free DOS, Thin GF63 12UCX-i5 (636XKR)","799,000",5.0,26
"레노버 2022 V15 G3 IAP 15.6 코어i3 인텔 12세대, Iron Gray, 256GB, 8GB, Free DOS, 82TT007PKR","483,000",5.0,68
"삼성 노트북 갤럭시북2 NT550XEZ-A38A, NT550XEZ-A38AS, 운영체제 미포함, 8GB, 256GB, 실버","499,000",5.0,1
"레노버 2022 씽크패드 T14s G3 코어i7 인텔 12세대, Thunder Black, 256GB, 16GB, WIN11 Pro, 21BR001YKR","1,722,200",,0
"레노버 2024 아이디어패드 프로 5 16AHP9 라이젠7 라이젠 8000 시리즈 지포스 RTX 4050, Arctic Grey, 1TB, 32GB, Free DOS, IdeaPad PRO5 16 AHP9","1,769,000",4.5,3
"HP 2024 엔비 X360 2in1 14 코어Ultra5, Meteor Silver, 512GB, 16GB, WIN11 Home, 14-fc0075TU","1,326,980",5.0,1
"HP 2023 노트북 255 G10 15.6 라이젠5 라이젠 7000 시리즈, 실버, 512GB, 16GB, WIN11 Pro, G10-9F186PT","729,000",,0
"기가바이트 2024 어로스 16X 코어i7 인텔 14세대 지포스 RTX 4060, 블랙, 1TB, 16GB, Free DOS, AORUS 16X AKG-53KR","1,999,000",5.0,9
"레노버 2023 요가 슬림 7i 카본 13IRP8 13.3 코어i5 인텔 13세대, 문화이트, 512GB, 16GB, WIN11 Home, 83AY002LKR","999,000",5.0,8
"에이수스 2024 비보북 프로 15 OLED 코어Ultra7 인텔 14세대 지포스 RTX 4050, N6506MU-MA001, Free DOS, 16GB, 1TB, Earl Grey","1,699,000",5.0,5
"레노버 2024 씽크북 14IML G7 ULT5 코어Ultra5, Arctic Grey, 512GB, 32GB, Free DOS, 21MR006CKR","1,109,960",5.0,2
"삼성전자 갤럭시북4 프로 NT960XGK-K71A 16인치 인텔 울트라7 영상편집 사무용 코딩용 대학생 고사양 120Hz 터치스크린 윈도우11 노트북, WIN11 Home, 16GB, 512GB, 문스톤 그레이","1,889,000",5.0,496
"LG전자 2023 그램 990 15 코어i5 인텔 13세대, 스노우 화이트, 256GB, 16GB, WIN11 Home, 15Z90RT-GAOWK","1,499,000",5.0,360
"델 2023 인스피론 14 5435 라이젠7 라이젠 7000 시리즈, 플래티넘 실버, 512GB, 16GB, WIN11 Home, DN5435-WH02KR","875,320",5.0,3
"레노버 2023 아이디어패드 슬림 3 15IRH8, Arctic Grey, 코어i5, 512GB, 16GB, WIN11 Home, 83EM000QKR","909,000",,0
"LG전자 그램 Pro 360 16 코어 울트라5 인텔 Arc, 에센스 화이트, 256GB, 16GB, WIN11 Home, 16T90SP-KA5CK","2,220,000",5.0,66
"HP 15s 라이젠7 가성비 노트북 프리도스, Free DOS, 32GB, 1TB, 실버","699,000",5.0,3
"레노버 2023 씽크북 15 G5 IRL 15 코어i5 인텔 13세대, 미네랄 그레이, 256GB, 8GB, Free DOS, 21JD0040KR","799,000",4.5,26
*UB07KR 모델로 출고됩니다.* DELL 인스피론 15 DN3520-UB04KR 사무용 인강용 추천 노트북 윈도우11 16GB 512GB,"589,000",5.0,1
"레노버 2024 요가 슬림 7 14IMH9 코어Ultra5 인텔 14세대, Luna Grey, 512GB, 16GB, Free DOS, 83CV0027KR","1,299,000",4.5,6
"삼성전자 갤럭시북4 프로 14인치 인텔 코어 울트라5 최신형 사무용 가벼운 터치 노트북, WIN11 Home, 16GB, 1TB, 플래티넘 실버","1,599,000",5.0,127
"삼성전자 갤럭시북4 프로 NT940XGK-K71AR 14인치(35 6cm) 인텔 Ultra 7 터치스크린 서울/경기 퀵서비스 지원, WIN11 Home, 32GB, 512GB, 문스톤 그레이","1,799,000",5.0,10
"레노버 2024 LOQ 15ARP9 라이젠7 라이젠 7000 시리즈 지포스 RTX 4060, Luna Grey, 512GB, 12GB, Free DOS, 83JC003GKR","1,799,000",5.0,3
"에이수스 2024 TUF 게이밍 A15 라이젠7 라이젠 8000 시리즈 지포스 RTX 4060, Mecha Gray, 512GB, 32GB, Free DOS, FA507UV-HQ095","1,505,000",4.5,79
"기가바이트 2024 G5 KF5 15.6 코어i7 인텔 13세대 지포스 RTX 4060, 블랙, 1TB, 16GB, Free DOS","1,435,220",5.0,8
"레노버 2023 V14 G4 라이젠5 라이젠 7000 시리즈, ARCTIC GREY, 256GB, 8GB, Free DOS, 82YT000DKR","548,540",5.0,8
"삼성전자 갤럭시북4 프로 NT940XGQ-A51A 14인치(35 5cm) 인텔 Ultra 5 터치스크린 서울/경기 퀵서비스 지원, 문스톤 그레이, NT940XGQ-A51AG, 256GB, 16GB, WIN11 Home","1,549,000",5.0,10
"MSI 2023 CYBORG 15 15.6 코어i5 인텔 12세대 지포스 RTX 4060, 블랙, 512GB, 16GB, Free DOS, A12VF-090XKR","1,179,000",5.0,28
"LG전자 그램 Pro 16 코어 울트라7 RTX3050, 옵시디안 블랙, 512GB, 32GB, WIN11 Home, 16Z90SP-ED7BK","2,740,000",5.0,74
"MSI BRAVO 17 D7VF [이벤트 한정특가 / 사은품증정], WIN11 Pro, 32GB, 1TB, 라이젠7, 블랙","1,459,000",5.0,4
"HP 2023 노트북 15s 코어i5 인텔 12세대, 화이트, 512GB, 16GB, Win11 HOME, 15s-fq5304TU","772,390",5.0,48
"델 2024 인스피론 16 5640 코어Ultra5 인텔 14세대, 메탈 아이스블루, 512GB, 16GB, WIN11 Home, DN5640-W001KR","998,070",5.0,1
"얼리봇 태풍 게이밍 노트북 쿨러 K8 PRO, 블랙","23,640",4.5,798
"레노버 2024 요가 슬림 7 14IMH9 코어Ultra7 인텔 14세대, 83CV0021KR, WIN11 Home, 32GB, 1TB, Luna Grey","1,569,000",5.0,4
"레노버 2022 아이디어패드 슬림 3 17ABA7 17.3 라이젠5 라이젠 5000 시리즈, Arctic Grey, 1TB, 40GB, Free DOS, 82RQ004LKR","969,000",5.0,237
"삼성전자 갤럭시북 프로 15.6인치 가벼운 대학생 사무용 업무용 가성비 인강용 포토샵 영상편집 캐드 주식 윈도우11정품 추천 노트북, NT950XEV, 윈도우11 Home, 16GB, 512GB, 그라파이트","1,249,000",5.0,1
"삼성전자 갤럭시북4 15.6 코어I5 13세대 NT750XGR-A51A 사무용 인강용 대학생 노트북, WIN11 Home, 16GB, 512GB, 실버","999,000",,0
"삼성전자 갤럭시북Go NT345XPA-K14AS 윈도우탑재 태블릿 휴대용 가성비 학생용 문서작성 셀룰러 데이터공유 LTE USIM, WIN11 Home, 4GB, 128GB, 실버","399,000",5.0,22
"A급중고 HP 840-G4 i5-7300U/8G/SSD256G/HD620/14/WIN10 명품노트북 인강용, E7470, WIN10 Pro, 8GB, 256GB, 코어i5, 블랙","199,000",4.0,107
"삼성노트북 한컴오피스 증정 i7 윈도우11 가성비 사무용 대학생 인강용 광시야각 동영상 업무용 노트북추천, 그레이, 코어i7, 512GB, 16GB, WIN11 Home, NT750XGR-A71A","1,199,000",5.0,1166
레노버 노트북 충전기 20V 3.25A 65W 연결잭 4.0x1.7mm ADLX65CLGR2A 일체형 어댑터,"16,900",5.0,622
"삼성노트북 한컴오피스 증정 i7 윈도우11 가성비 사무용 대학생 인강용 광시야각 동영상 업무용 노트북추천, 그레이, 코어i7, 1TB, 16GB, WIN11 Home, NT750XGR-A71A","1,249,000",5.0,1166
"HP 15s 라이젠7 가성비 노트북 프리도스, Free DOS, 16GB, 512GB, 실버","549,000",5.0,3
"홈플래닛 360도 회전 메탈 쿨링홀 노트북 거치대, MR-MS-NB02R, 실버","21,890",4.5,301
"삼성노트북 NT550XED-K24A 윈도우11탑재 가성비 인강용 사무용 학생용 업무용 노트북 추천 한컴오피스 증정, 실버, 펜티엄, 628GB, 8GB, Windows11Pro","650,000",5.0,294
"삼성 15.6인치 12세대 갤럭시북2 윈도우11 프로, NT550XEZ, WIN11 Pro, 16GB, 512GB, 그라파이트","719,000",5.0,39
"LG전자 그램 15인치 16인치 17인치 512GB RAM16G 정품윈도우포함 노트북, 블랙, 그램 17인치, 인텔 i7, 16GB, WIN11 Home","1,359,000",5.0,56
"삼성리퍼노트북 NT371B5L 코어i5 DDR4 초고속Nvme기본장착 WIN11업그레이드, WIN11 Home, 16GB, 256GB, 블랙","329,000",,0
"레노버 V15 Gen4 i5-13th, V15 Gen4 IRU, Free DOS, 16GB, 512GB, 그레이","649,000",5.0,2
"HP EliteBook 840-G6 I5-8365U/16G/SSD256G/UHD620/14인치 FHD/WIN10, 실버, 코어i5, 256GB, 16GB, WIN10","349,000",4.0,16
"삼성 NT551EBE 15.6인치 인텔 8세대 Core-i5 SSD 탑재 윈도우11설치 중고노트북 가방 증정, 메탈릭 티탄, 코어i5, 1012GB, 16GB, WIN11 Pro","525,000",4.5,117
"LG전자 2023 그램 17인치 인텔 i5 13세대 윈도우11 16GB 256GB, 17ZD90RU-GX56K, WIN11 Home, 512GB, 코어i5, 화이트","1,399,000",5.0,100
"HP 2023 빅터스 15 코어i5 인텔 13세대 지포스 RTX 4050, Mica Silver, 512GB, 16GB, WIN11 Home, 15-fa1014TX","1,259,840",5.0,142
"LG전자 그램 14 코어 울트라5 인텔 Arc, 에센스 화이트, 256GB, 16GB, WIN11 Home, 14Z90S-GA5PK","1,516,310",4.5,58
"레노버 2023 씽크북 16P G3 ARH 16 라이젠7 라이젠 6000 시리즈 지포스 RTX 3060, 미네랄 그레이, 512GB, 16GB, Free DOS, 21EK0022KR","1,199,000",5.0,17
"[삼성전자] 갤럭시북2 NT550XEZ-A38A [실버] [기본제품], WIN11 Pro, 8GB, 256GB, 코어i3","639,000",4.5,2
"에이수스 2023 비보북 16X OLED 코어i7 인텔 13세대, 쿨 실버, 512GB, 16GB, WIN11 Home, K3604VA-L2053","1,072,960",4.0,4
"삼성 15.6인치 12세대 갤럭시북2 윈도우11 홈, NT550XEZ, WIN11 Home, 16GB, 256GB, 그라파이트","699,000",5.0,1
"삼성전자 갤럭시북2/3 15.6 재택근무 학습용 노트북 한컴오피스팩 및 국내 정품 윈도우 패키지 동봉, NT960-U, WIN11 Home, 32GB, 4000GB, 코어i9, 그라파이트","3,599,000",5.0,2246
"레노버 14인치 사무용 노트북 i5-6세대 SSD장착 윈10프로 T460, WIN10 Pro, 8GB, 256GB, 코어i5","239,000",,0
"삼성전자 갤럭시북4 15.6 코어I5 13세대 한컴오피스팩 및 무선마우스, R-A51AS, WIN11 Pro, 16GB, 512GB, 실버","1,049,000",5.0,366
"LG 울트라 PC 15UD40R-GX36K + Win11 / 라이젠3 7330U, LG ULTRA PC 15UD40R-GX36K, WIN11 Pro, 16GB, 512GB, 화이트","667,000",5.0,3
"MSI Sword GF76 B13VFK i7-13620H RTX4060 - 32GB 1TB WIN11HOME 오버워치 발로란트 디아블로4 게이밍 노트북 ED, 블랙무광, 코어i7, WIN10 Home","1,569,000",5.0,7
"레노버 2024 아이디어패드 슬림 3i 14IRU9 코어i5 인텔 13세대, Arctic Grey, 256GB, 16GB, Free DOS, 83E50005KR","739,000",,0
"에이수스 2024 비보북 S 16 코어Ultra7 인텔 14세대, Neutral Black, 1TB, 16GB, Free DOS, S5606MA-MX090","1,399,000",5.0,2
"삼성전자 갤럭시북 15.6 재택근무 학습용 노트북 한컴오피스팩 및 국내 정품 윈도우 패키지 동봉, NT550-I5, WIN11 Home, 16GB, 250GB, 코어i5, 실버","859,000",5.0,2246
"[레노버] 노트북 서류가방 캐쥬얼 탑로더 GX40Q17229 [15.6형/블랙], 1개","13,570",5.0,7
"에이수스 2024 TUF 게이밍 A15 라이젠7 라이젠 8000 시리즈 지포스 RTX 4060, Mecha Gray, 1024GB, 32GB, Free DOS, FA507UV-HQ095","1,626,450",4.5,79
"HP 2023 오멘 16 코어i5 인텔 13세대 지포스 RTX 4060, Shadow Black, 512GB, 32GB, WIN11 Home, 16-wf0156tx","1,909,000",4.5,336
"삼성전자 갤럭시북 15.6 재택근무 학습용 노트북 한컴오피스팩 및 국내 정품 윈도우 패키지 동봉, R-A51AS, WIN11 Home, 16GB, 500GB, 실버","999,000",5.0,2246
"LG전자 2023 울트라PC 15 15U40R-GRTWK - WIN11 설치 모델로 출고됩니다., WIN11 Home, 32GB, 256GB, 라이젠3, 화이트","665,000",5.0,18
"LG 노트북 2020년형 그램 14ZB995 가벼운 그램노트북 인텔 i5 10세대 DDR4 초고속 M.2 SSD 장착 윈도우10 프로, WIN10, 16GB, 512GB, 코어i5, 스노우 화이트","699,000",5.0,11
"레노버 2023 V15 G4 코어i5 인텔 13세대, Iron Gray, 256GB, 16GB, Win11 HOME, 83A10001KR","799,300",5.0,55
"삼성 LG 노트북 코어i5 4세대 15.6인치 SSD240G RAM8G 사무용 가정용 윈도우10, NT370E5J, WIN10, 16GB, 500GB, i5 4200, 블랙","279,000",3.0,1
삼성 DDR4 25600 RAM 8GB 노트북 3200Mhz 랩탑 메모리,"27,900",5.0,1028
"삼성 노트북 갤럭시북4 NT750XGR-A71A H1 WIN11/SSD1TB/16GB램/인텔13세대/코어i7/사무용, H1 S, WIN11 Home, 16GB, 1TB, 실버","1,299,000",4.0,1
"레노버 2022 아이디어패드 슬림 3 17ABA7 17.3 라이젠5 라이젠 5000 시리즈, Arctic Grey, 512GB, 24GB, Free DOS, 82RQ004LKR","869,000",5.0,237
"LG전자 2024 그램 16 코어Ultra5 인텔 14세대, 스노우 화이트, 512GB, 16GB, WIN11 Home, 16Z90S-GA5PK","1,790,000",5.0,6
"모잇 초경량 강화 ABS 접이식 노트북 거치대 특대형, 화이트","8,790",4.5,569
"레노버 IdeaPad Slim3 15IAU7 15.6 코어i5 인텔 12세대, Blue, 256GB, 8GB, Free DOS","649,000",5.0,102
"레노버 2022 요가 슬림 7 프로 16ARH7 라이젠5 라이젠 6000 시리즈 지포스 RTX 3050, 스톰 그레이, 512GB, 16GB, Free DOS, 82UW002YKR","990,000",5.0,2
"레노버 2024 아이디어패드 5i 프로 14IMH 코어Ultra7, Arctic Grey, 1536GB, 32GB, Free DOS, 83D2001DKR","1,398,840",4.5,22
"DELL 델 래티튜드 E5570 5580 E7450 i7 5세대 6세대 7세대 16GB FHD 쿼드코어 중고노트북, 델 래티튜드 5580","349,000",5.0,8
"베이직스 2023 베이직북 14 프로 코어i5 인텔 10세대, White, 256GB, 8GB, WIN11 Home, BP1423FW","588,000",4.0,148
"에이수스 2023 비보북 S 15 OLED 코어i9 인텔 13세대 아크 A350M, 크림 화이트, 512GB, 16GB, WIN11 Home, K5504VN-MA112W","1,101,720",5.0,7
"LG전자 그램 Pro 17 코어 울트라7 RTX3050, 옵시디안 블랙, 512GB, 32GB, WIN11 Home, 17Z90SP-ED7BK","2,699,010",5.0,52
"HP 15 노트북 코어i5 인텔 13세대, 실버, 512GB, 16GB, WIN11 Home, 15-FD0097TU","1,079,000",4.5,1013
"삼성전자 2021 노트북 플러스2 15.6, 그라파이트, NT550XED-K24A, 펜티엄, 256GB, 16GB, WIN11 Pro","649,000",5.0,76
"A급중고/삼성/LG/HP I5 I7 리퍼 중고노트북 리퍼노트북 게이밍노트북 기본SSD장착 WIN10, LG 15U560, WIN10 Pro, 8GB, 128GB, 코어i5, 화이트","299,000",4.0,74
"Apple 2024 맥북 에어 13 M3, 스페이스그레이, M3 8코어, 8코어 GPU, 256GB, 8GB, 30W, 한글","1,391,250",5.0,113
"아이뮤즈 스톰북 노트북 N4020 14 셀러론, White, 192GB, 4GB, WIN11 Home, StormBooK14","250,260",4.0,23
"삼성전자 2023 갤럭시북3 360 15.6 코어i5 인텔 13세대 Iris Xe, 미스틱 실버, 1TB, 16GB, WIN11 Home, NT750QFT-A51A","1,499,000",5.0,413
"브론코 접이식 휴대용 알루미늄 노트북 거치대, 실버","12,780",5.0,66
"HP 2023 빅터스 15 코어i5 인텔 13세대 지포스 RTX 4050, Ceramic White, 512GB, 16GB, WIN11 Home, HP Victus 15-fa1015TX","1,259,860",5.0,142
"에이수스 2024 비보북 15 코어i3 인텔 12세대, 512GB, 8GB, Win11 Home, 쿨 실버, X1504ZA-BQ1040","672,960",5.0,2
"HP 2024 빅터스 15 라이젠5 라이젠 8000 시리즈 지포스 RTX 4050, White, 512GB, 16GB, WIN11 Home, 15-fb2059AX","1,272,050",5.0,6
"LG전자 2024 그램 프로 360 16 코어Ultra7, 옵시디안블랙, 1TB, 32GB, WIN11 Home, 16T90SP-KD7BK","2,849,000",5.0,1
"레노버 2023 아이디어패드 슬림 3 15IAH8 코어i5 인텔 12세대, ARCTIC GREY, 512GB, 16GB, Win11 Home, 83ER0060KR","912,960",5.0,288
"스코코 슬림 TPU 키스킨 갤럭시북4 프로 NT960XGK XGQ, 1개","14,800",5.0,9
"레노버 2023 씽크북 16 G6 IRL 코어i5 인텔 13세대, 혼합색상, 512GB, 16GB, WIN11 Home, 21KH007HKR","1,099,000",5.0,11
"삼성전자 갤럭시북4 15.6 코어I5 13세대 한컴오피스팩 및 무선마우스, R-A51AG, Linux, 16GB, 512GB, 그레이","829,000",5.0,366
"에이서 24년 최신 AI CPU R7 8845HS 16인치 게이밍노트북 NITRO V 16 RTX4050, ANV16-41-R584, Free DOS, 16GB, 1TB, 블랙","1,219,000",4.5,8
레노버 아이디어패드 Slim1-15ALC R5 WIN11(설치) 16GB램 (SSD 500GB),"487,000",5.0,5
"HP 엔비 x360 15.6 코어i5 인텔 12세대, Natural Silver Aluminum, 512GB, 16GB, WIN11 Home, 15-ew0049TU","1,029,000",4.5,107
"홈플래닛 메탈 쿨링홀 노트북 거치대, 실버","18,890",5.0,4222
"HP 2023 오멘 16 라이젠7 라이젠 7000 시리즈 지포스 RTX 4060, 쉐도우 블랙, 1TB, 32GB, WIN11 Home, 16-xf0038AX","1,989,090",5.0,483
"데이스토리 5000 A5포켓 PP스프링 노트 150매, 흑색, 2개","7,140",5.0,298
"델 2024 게이밍 G16 7630 코어i7 인텔 13세대 지포스 RTX 4060, 메탈릭 나이트 쉐이드, 1TB, 32GB, WIN11 Home, G16 7630-W008KR_T3","2,199,000",5.0,3
"삼성전자 갤럭시북 15.6 재택근무 학습용 노트북 한컴오피스팩 및 국내 정품 윈도우 패키지 동봉, NT550-I5, WIN11 Home, 8GB, 250GB, 코어i5, 실버","829,000",5.0,2246
"베이직스 2022 베이직북 14 3세대 셀러론, White, 256GB, 8GB, WIN11 Pro, BB1422SS","382,080",4.5,2083
"HP 2023 빅터스 15.6 코어i5 인텔 12세대 지포스 RTX 4060, Mica Silver, 512GB, 16GB, Free DOS, 15-fa1107TX","1,213,590",5.0,117
"HP 2024 노트북 15 N100, 실버, 128GB, 4GB, WIN11 S, 15-fd0247TU","389,000",4.5,21
"레노버 2024 씽크북 16IML G7 ULT7 코어Ultra7, Arctic Grey, 512GB, 32GB, WIN11 Home, 21MS006YKR","1,561,150",5.0,3
"베이직스 2023 베이직북S 10.1 셀러론, White, 128GB, 8GB, WIN11 Pro, BB1022FW","397,000",4.5,375
"델 2024 게이밍 G15 5530 코어i5 인텔 13세대 지포스 RTX 3050, 다크 섀도우 그레이, 512GB, 16GB, Linux, DG5530-UB01KR","1,182,000",5.0,8
"HP 2024 노트북 240 G10 14 코어i5 인텔 13세대, 블랙, 512GB, 16GB, Free DOS, G10-9F1E3PT","666,250",5.0,1
"노벨뷰 게이밍 노트북 쿨러 거치대, 레드","25,900",4.5,6907
"HP 2023 노트북 15s 코어i5 인텔 12세대, 화이트, 512GB, 16GB, Free DOS, 15s-fq5304TU","598,430",5.0,48
"LG전자 2023 울트라PC 15 라이젠5 라이젠 7000 시리즈, 화이트, 1TB, 16GB, Free DOS, 15UD40R-GX56K","764,600",5.0,5
"베이직스 2023 베이직북 14 프로 코어i5 인텔 10세대, White, 256GB, 8GB, WIN11 Home, BP1423FW","588,000",4.0,148
"레노버 2022 씽크북 13s G4 ARB 13 라이젠5 라이젠 6000 시리즈, Arctic grey + Cloud grey, 256GB, 8GB, Free DOS, 21AS0021KR","849,000",5.0,1
DELL 인스피론 15 16 17 시리즈 노트북 정품 어댑터 충전기 케이블 19.5V 3.34A 65W 외경 4.5mm 내경 3.0mm,"17,800",5.0,47
"HP Pro Book 450 G4 i5-7200U Intel 7세대 가성비 좋은 전문가용 노트북, ProBook 450 G4, WIN11 Pro, 16GB, 256GB, 코어i5 7200U, HDD 500GB","397,000",5.0,1
"기가바이트 2024 G6X 16 코어i7 인텔 13세대 지포스 RTX 4060, Gunmetal Gray, 1TB, 16GB, Free DOS, G6X 9KG-43KR","1,577,000",5.0,1
"레노버 2024 아이디어패드 슬림 5 15IRU 코어5 인텔 14세대, Cloud Grey, 512GB, 16GB, Free DOS, 83D00005KR","899,000",5.0,1
"삼성전자 NT761XDA-K1 /C 인텔 코어I7 11세대 15.6인치 사무용 노트북 가성비노트북, NT761XDA-K18/C, WIN11 Home, 32GB, 500GB, 미스틱블랙","1,079,000",5.0,18
"레노버 2023 씽크북 15 G5 ABP 15 라이젠5 라이젠 7000 시리즈, 미네랄 그레이, 256GB, 8GB, Free DOS, 21JF0004KR","607,130",5.0,18
"LG그램 16인치 i7 13세대 RTX3050 32GB 1TB WIN11 게이밍 블랙 16Z90R, 16Z90R-A.ADC8U1, WIN11 Home, 3TB","2,048,000",,0
"레노버 2023 씽크패드 E16 G1 코어i5 인텔 13세대, Graphite Black, 256GB, 16GB, WIN11 Home, 21JN002BKR","1,029,000",4.5,5
"삼성전자 노트북 NT550XED-K24A 한컴오피스 증정(펜티엄 39.6cm Win11Pro RAM (8GB/16GB) SSD 378/628GB), 그라파이트(D-K24AG), 펜티엄, 628GB, 16GB, WIN11 Pro","699,000",5.0,206
"삼성노트북 NT550XED-K24A 윈도우11탑재 가성비 학생용 인강용 사무용 싼노트북 노트북추천 한컴오피스 증정, 그라파이트(D-K24AG), 펜티엄, 128GB, 16GB, WIN11 Pro","619,000",4.5,90
"HP 빅터스 15-fb2061AX - 최신형 고사양 게이밍 노트북 [리뷰작성 시 마우스 증정], WIN11 Home, 16GB, 1TB, 다크실버","1,259,000",5.0,4
"MSI 2023 펄스 17 코어i9 인텔 13세대 지포스 RTX 4070, 티타늄 그레이, 512GB, 16GB, Free DOS, PULSE 17 B13VGK-i9 QHD","1,929,570",5.0,98
삼성 DDR3 4GB PC3-10600 (1333MHz) (노트북용),"4,220",5.0,146
"삼성전자 갤럭시북4 15.6 코어I5 13세대 한컴오피스팩 및 무선마우스, R-A58AG, WIN11 Home, 8GB, 512GB, 그레이","1,078,000",5.0,366
"레노버 리전 프로 5i 16IRX 16 코어i9 인텔 13세대 지포스 RTX 4060, ONYX GREY, 1TB, 64GB, WIN11 Home, 82WK007TKR","2,459,000",5.0,65
"HP 노트북 충전기 19.5V 3.33A 65W 연결잭 직경 4.5X3.0mm 블루팁 (전원케이블 포함), HP 65W 노트북 충전기 + 전원케이블 포함","22,700",5.0,105
"HP 2024 오멘 16 코어i7 인텔 14세대 지포스 RTX 4060, Shadow Black, 512GB, 32GB, WIN11 Home, 16-wf1037TX","2,065,000",5.0,7
"HP 2023 오멘 16 Slim 코어i7 인텔 13세대 지포스 RTX 4060, 세라믹 화이트, 1TB, 32GB, WIN11 Home, 16-u0038TX","2,249,000",5.0,142
"HP 2023 오멘 16 코어i5 인텔 13세대 지포스 RTX 4060, Shadow Black, 1024GB, 32GB, WIN11 Home, 16-wf0156tx","2,047,150",4.5,336
"삼성전자 노트북 플러스2 15.6, 그레이, NT551XDA, 코어i5, 256GB, 8GB, WIN10","698,000",4.0,16
"LG 2021 울트라PC 15 라이젠7 라이젠 5000 시리즈, 화이트, 256GB, 16GB, WIN11 Home, 15U40Q-GA7CK","1,091,440",5.0,82
"삼성전자 갤럭시북 15.6 재택근무 학습용 노트북 한컴오피스팩 및 국내 정품 윈도우 패키지 동봉, NT550-I5, WIN11 Home, 16GB, 1000GB, 코어i5, 실버","999,000",5.0,2246
"레노버 2024 리전 5i 프로 16IRX 코어i9 인텔 14세대 지포스 RTX 4070, 83DF005RKR, Free DOS, 32GB, 1TB, Onyx Grey","2,799,000",5.0,67
"레노버 2022 아이디어패드 슬림 5 15IAL7 15.6, Free DOS, 512GB, 82SF005TKR, 클라우드 그레이, 코어i5, 16GB","985,760",5.0,1
"ACER 니트로 V 16 ANV16-41-R584 - 최신형 고사양 노트북, WIN11 Home, 32GB, 1TB, 블랙","1,259,000",5.0,1
"LG전자 2022 그램 360 14 코어i5 인텔 12세대, 옵시디안블랙, 256GB, 16GB, WIN11 Home, 14T90Q-GA56K","1,390,000",4.5,12
"모잇 초경량 강화 ABS 접이식 노트북 거치대 특대형, 블랙","8,190",4.5,569
"레노버 2022 씽크북 13s G4 ARB 13 라이젠5 라이젠 6000 시리즈, Arctic grey + Cloud grey, 256GB, 8GB, WIN11 Home, 21AS0024KR","958,020",5.0,1
"레노버 2023 V15 G4 코어i5 인텔 13세대, Iron Gray, 256GB, 8GB, Win11 HOME, 83A10001KR","755,670",5.0,55
"삼성전자 갤럭시북4 울트라 16인치 인텔 울트라9 지포스 RTX4070 그래픽작업 및 산업디자인 추천 노트북 게이밍 노트북 서울/경기 퀵서비스 발송, L-X92AG, WIN11 Home, 32GB, 1TB, 문스톤 그레이","3,299,000",5.0,14
"HP 2023 빅터스 15 코어i5 인텔 13세대 지포스 RTX 4050, Ceramic White, 512GB, 16GB, Free DOS, 15-fa1015TX","1,085,900",5.0,142
"앱코 게이밍 노트북 쿨링 패드 NCORE NC500, 혼합색상","37,600",4.5,1513
"MSI 브라보 17 라이젠7 라이젠 7000 시리즈 지포스 RTX 4060, 블랙, 1TB, 16GB, Free DOS, D7VF","1,279,000",4.5,87
"에이수스 2023 젠북 S 13 OLED 코어i7 인텔 13세대, 바솔트 그레이, 512GB, 16GB, WIN11 Home, UX5304VA-NQ221W","1,699,000",5.0,65
"MSI Sword GF76 코어i7 인텔 13세대 지포스 RTX 4050, 블랙, 512GB, 16GB, Free DOS, MS-17L","1,250,760",5.0,48
"Apple 2022 맥북 에어 13 M2, 스페이스그레이, M2 8코어, GPU 8코어, 256GB, 8GB, 30W, 영문, Z15S00032","1,167,600",5.0,5523
"레노버 2024 요가북 9i 13IMU9 코어Ultra7 인텔 14세대, Tidal Teal, 1TB, 32GB, WIN11 Pro, 83FF000LKR","2,998,610",4.5,6
"에이수스 2024 젠북 14 OLED 코어Ultra9 인텔 14세대, 포기 실버, 1TB, 32GB, WIN11 Home, UX3405MA-PZ669W","1,848,940",4.5,12
"MSI 2023 모던 14 코어i7 인텔 13세대, Classic Black, 512GB, 8GB, WIN11 Home, MSI 모던14 C13M-i7 (424)","822,960",5.0,1
"레노버 2023 씽크패드 E15 G4 15.6 코어i5 인텔 12세대, Black, 256GB, 16GB, Free DOS, 21E600EDKD","860,180",4.5,6
"레노버 2022 V15 G3 ABA 15.6 라이젠5 라이젠 5000 시리즈, Iron Gray, 256GB, 4GB, Free DOS, 82TV0001KR","543,830",5.0,857
"마이크로소프트 2023 서피스 랩탑 고 3 12.4 코어i5 인텔 12세대, Platinum, 256GB, 16GB, WIN11 Home, XKQ-00047","950,000",5.0,8
"HP 2023 노트북 14 라이젠5 라이젠 7000 시리즈, Natural Silver, 512GB, 16GB, WIN11 Home, 14-em0070AU","762,510",4.5,27
"Apple 2020 맥북 에어 13, 실버, M1, 256GB, 8GB, A2337","1,162,000",5.0,13037
"레노버 2023 씽크북 14 G5 ABP 14 라이젠3 라이젠 7000 시리즈, 미네랄 그레이, 768GB, 16GB, Free DOS, 21JE0003KR","558,000",4.0,4
"MSI 2023 스워드 GF76 17.3 코어i7 인텔 12세대 지포스 RTX 3050, 블랙, 512GB, 8GB, Free DOS, GF76 B12UDXK (890)","1,122,050",5.0,30
"에이수스 2023 비보북 15 코어i3 인텔 12세대, 쿨 실버, 256GB, 16GB, Free DOS, X1504ZA-BQ387","538,000",5.0,69
"레노버 2024 씽크북 16IML G7 ULT5 코어Ultra5, Arctic Grey, 512GB, 32GB, Free DOS, 21MS006WKR","1,161,150",5.0,4
"LG전자 2023 그램 17 코어i5 인텔 13세대, 스노우 화이트, 512GB, 16GB, WIN11 Home, 17Z90R-GA5SK","1,842,000",5.0,9
"LG전자 그램 Pro 16 코어 울트라5 인텔 Arc, 에센스 화이트, 256GB, 16GB, WIN11 Home, 16Z90SP-GA5CK","1,936,000",5.0,192
"레노버 2022 ThinkBook 15 G4 IAP 코어i5 인텔 12세대, 미네랄 그레이, 256GB, 16GB, Free DOS, 21DJ00C2KR","662,440",5.0,49
"레노버 2023 아이디어패드 프로 5i 16IRH 16 코어i5 인텔 13세대 지포스 RTX 4050, Arctic Grey, 512GB, 16GB, WIN11 Home, 83AQ003LKR","1,562,010",5.0,15
"레노버 2023 아이디어패드 슬림 3 15IAH8 코어i5 인텔 12세대, Arctic Grey, 256GB, 16GB, Win11 Home, 83ER005YKR","679,990",5.0,288
"레노버 2023 씽크북 15 G5 ABP 15 라이젠5 라이젠 7000 시리즈, 미네랄 그레이, 256GB, 16GB, Free DOS, 21JF0004KR","676,250",5.0,18
"LG전자 2024 그램 16 코어Ultra5 인텔 14세대, 옵시디안 블랙, 512GB, 16GB, WIN11 Home, 16Z90S-GA5BK","1,690,000",5.0,6
"레노버 2022 씽크패드 T16 AMD G1 라이젠7 Pro 라이젠 6000 시리즈, Thunder Black, 256GB, 16GB, WIN11 Pro, ThinkPad T16 AMD Gen1 - 21CHS00A00","914,870",4.5,11
"삼성전자 갤럭시북4 프로 NT960XGK-K71A 16인치 인텔 울트라7 영상편집 사무용 코딩용 대학생 고사양 120Hz 터치스크린 윈도우11 노트북, WIN11 Home, 16GB, 1TB, 문스톤 그레이","1,989,000",5.0,496
"레노버 2022 씽크패드 E15 Gen4 15.6 코어i5 인텔 12세대, Black, 256GB, 16GB, Free DOS, 21E6S00200","926,250",4.5,13
"삼성전자 갤럭시북2/3 15.6 재택근무 학습용 노트북 한컴오피스팩 및 국내 정품 윈도우 패키지 동봉, NT960-U, WIN11 Home, 32GB, 4000GB, 코어i9, 그라파이트","3,599,000",5.0,2246
삼성 노트북 DDR2 2GB PC2 6400S 메모리,"4,700",5.0,48
"삼성전자 갤럭시북 프로 15.6인치 가벼운 대학생 사무용 업무용 가성비 인강용 포토샵 영상편집 캐드 주식 윈도우11정품 추천 노트북, NT950XEV, 윈도우11 Home, 16GB, 512GB, 그라파이트","1,249,000",5.0,1
"레노버 2024 아이디어패드 슬림 5 16IMH OLED 코어Ultra7 인텔 14세대, 클라우드 그레이, 2TB, 32GB, Free DOS, 83DC002TKR","1,394,000",5.0,8
"삼성전자 갤럭시북4 14세대 코어7 WIN11 구매사은품 블루투스무소음마우스, A51A(실버), NT950XGQ-A51AS, 코어Ultra5, 512GB, 16GB, WIN11 Home","1,499,000",5.0,699
"레노버 2023 아이디어패드 슬림 3 16ABR8 16 라이젠7 라이젠 7000 시리즈, Arctic Grey, 1TB, 16GB, Free DOS","1,008,000",5.0,35
"삼성전자 2021 노트북 플러스2 15.6, 그라파이트, NT550XED-K24A, 펜티엄, 128GB, 8GB, WIN11 Pro","569,000",5.0,76
"레노버 2023 요가 슬림 7 프로 X 14ARH7 라이젠5 라이젠 6000 시리즈 지포스 RTX 3050, 오닉스 그레이, 512GB, 16GB, Free DOS, 82TL006WKR","990,000",5.0,2
"에이수스 2024 익스퍼트북 B1 15.6 코어i5 인텔 13세대, Star black, 256GB, 8GB, WIN11 Pro, B1502CVA-BQ0431X","899,000",5.0,1
"HP 2024 오멘 16 코어i7 인텔 14세대 지포스 RTX 4060, Shadow Black, 1TB, 32GB, WIN11 Home, 16-wf1037TX","2,262,880",5.0,7
"에이수스 2024 ROG 스트릭스 G18 코어i9 인텔 14세대 지포스 RTX 4070, Eclipse Gray, 1TB, 32GB, Free DOS, G814JIR-N6079","2,849,000",4.5,18
"A급중고/삼성/LG/HP I5 I7 리퍼 중고노트북 리퍼노트북 게이밍노트북 기본SSD장착 WIN10, 델 7390, WIN10 Pro, 8GB, 256GB, 코어i7, 블랙","299,000",4.0,74
"삼성전자 갤럭시북4 프로360 NT960QGK-K71AR 16인치 인텔 Ultra 7 (WIN11 SSD 1TB 32GB), WIN11 Home, 32GB, 문스톤 그레이","2,199,000",5.0,207
"레노버 2023 씽크북 15 G5 IRL 15 코어i5 인텔 13세대, 미네랄 그레이, 256GB, 16GB, WIN11 Home, 21JD0040KR","1,000,210",4.5,26
"LENOVO LOQ 15IRX9 i7 4060 CP, 83DV00DEKR, Free DOS, 32GB, 512GB, 그레이","1,589,000",5.0,3
"레노버 2024 아이디어패드 슬림 5 16IMH OLED 코어Ultra7 인텔 14세대, 클라우드 그레이, 1TB, 32GB, Win11 Home, 83DC002TKR","1,412,960",5.0,8
"Apple 2022 맥북 에어 13 M2, 스타라이트, M2 8코어, GPU 8코어, 256GB, 8GB, 30W, 한글, MLY13KH/A","1,167,600",5.0,5523
"HP 2024 오멘 14 SLIM 코어Ultra9 인텔 14세대 지포스 RTX 4070, Ceramic White, 1TB, 32GB, WIN11 Home, 14-fb0076TX","2,898,000",5.0,9
"레노버 2024 LOQ 15IRX 코어i7 인텔 14세대 지포스 RTX 4060, Luna Grey, 1024GB, 16GB, Free DOS, 83DV004CKR","1,764,900",5.0,53
"에이수스 2023 젠북 S 13 OLED 코어i7 인텔 13세대, 폰더 블루, 512GB, 16GB, WIN11 Home, UX5304VA-NQ222W","1,699,000",5.0,65
"삼성전자 갤럭시북4 프로360 NT960QGK-K71AR 인텔 코어 울트라 7 삼성노트북 고해상도 AI 노트북 사무용 노트북 대학생 노트북 2in1 노트북 S펜 포함, WIN11 Home, 32GB, 2TB, 문스톤그레이","2,499,000",5.0,144
"MSI 2023 알파 17 라이젠9 라이젠 7000 시리즈 지포스 RTX 4070, 블랙, 1TB, 16GB, Win11 HOME, 알파 17 C7VG-R9 QHD","2,119,000",4.5,92
"에이수스 2024 ROG 스트릭스 G16 코어i9 인텔 13세대 지포스 RTX 4060, Eclipse Gray, 1TB, 16GB, Free DOS, G614JV-N4117","1,999,000",5.0,49
"삼성전자 갤럭시북4 프로360 NT960QGK-K71A 16인치 인텔 Ultra 7 (WIN11 SSD 512GB 16GB), WIN11 Home, 16GB, 문스톤 그레이","2,199,000",5.0,207
"레노버 2022 ThinkBook 15 G4 IAP 코어i5 인텔 12세대, 미네랄 그레이, 256GB, 16GB, WIN11 Home, 21DJ00C2KR","836,400",5.0,49
"MSI 2024 모던 15 코어Ultra5 인텔 14세대, 블랙, 512GB, 16GB, Free DOS, Modern15 H AI C1MG-U5","879,000",,0
"삼성전자 2023 삼성 갤럭시북3 360 15.6 코어i5 인텔 13세대 Iris Xe, 미스틱 실버, 256GB, 16GB, WIN11 Home, NT750QFT-A51A","1,349,000",5.0,574
"삼성전자 갤럭시북4 인텔 Core 5 39.6cm 가성비 노트북 한컴오피스팩 무선마우스 정품 윈도우패키지 동봉, NT750XGQ-A51AS, WIN11 Pro, 16GB, 256GB, 실버","1,229,000",4.5,4
"마이크로소프트 2022 서피스 랩탑5 13.5 코어i5 인텔 12세대, 플래티넘, 256GB, 8GB, WIN11 Home, QZI-00021","1,160,000",5.0,447
"Apple 2024 맥북 에어 15 M3, 미드나이트, M3 8코어, 10코어 GPU, 256GB, 8GB, 35W 듀얼, 한글","1,663,200",5.0,137
"델 2024 인스피론 15 3535 라이젠5 라이젠 7000 시리즈, 카본 블랙, 512GB, 16GB, WIN11 Home, DN3535-W002KR","999,000",4.5,21
"레노버 2024 LOQ 15AHP9 라이젠5 라이젠 8000 시리즈 지포스 RTX 4050, Luna Grey, 512GB, 16GB, Free DOS, 83DX004NKR","1,499,000",5.0,2
"레노버 2024 아이디어패드 슬림 5 16AHP9 라이젠7 라이젠 8000 시리즈, CLOUD GREY, 512GB, 32GB, WIN11 Home, 83DD0034KR","1,319,000",5.0,1
"레노버 2023 씽크북 16 G6 IRL 코어i5 인텔 13세대, 혼합색상, 1TB, 32GB, WIN11 Home, 21KH007HKR","1,249,000",5.0,11
"레노버 2024 씽크북 16IML G7 ULT7 코어Ultra7, Arctic Grey, 512GB, 16GB, Free DOS, 21MS006TKR","1,249,000",5.0,3
"레노버 2024 아이디어패드 프로 5 16AHP9 라이젠7 라이젠 8000 시리즈 지포스 RTX 3050, Arctic Grey, 512GB, 16GB, WIN11 Home, IdeaPad PRO5 16AHP9","1,589,000",4.5,3
"무선마우스 증정 LG전자 울트라PC GX5DK GX56K 15인치 노트북, 화이트, 라이젠5, 2TB, 32GB, WIN11 Home","1,069,000",5.0,34
"에이수스 2023 TUF 게이밍 F15 코어i5 인텔 12세대 지포스 RTX 3050, Mecha Gray, 512GB, 8GB, Free DOS, FX507ZC4-HN005","1,099,000",5.0,12
"카라스 LG 2021 울트라PC 15U50P / 15UD50P 노트북 실리스킨, 1개","6,660",5.0,79
"레노버 2023 아이디어패드 슬림 5 라이트 14ABR8 14 라이젠7 라이젠 7000 시리즈, CLOUD GREY, 512GB, 16GB, WIN11 Home, 82XS0019KR","970,880",5.0,79
"레노버 2023 V14 G4 AMN 14 라이젠3 라이젠 7000 시리즈, Arctic Grey, 256GB, 8GB, Free DOS, 82YT000CKR","499,000",5.0,6
"삼성전자 노트북 플러스2 15.6, 미스틱 그레이, NT551XDA, 코어i5, 512GB, 16GB, WIN10","798,000",4.0,16
"레노버 2024 아이디어패드 슬림 5 14IMH 코어Ultra5 인텔 14세대, Cloud grey, 512GB, 16GB, WIN11 Home, 83DA002EKR","1,079,000",5.0,4
"삼성전자 갤럭시북 15.6 코어5 14세대 한컴오피스팩 정품윈도우패키지 동봉, 그레이, 256GB, 16GB, WIN11 Home, NT750XGQ-A51AG","1,179,000",5.0,1169
"HP 2024 오멘 16 슬림 코어i7 인텔 14세대 지포스 RTX 4060, 세라믹 화이트, 1TB, 32GB, WIN11 Home, 16-u1033TX","2,469,000",5.0,25
"레토 메탈 듀얼 쿨러 노트북 거치대 LCS-S01, 화이트","13,900",4.5,11126
"레노버 2024 LOQ 15IRX 코어i7 인텔 14세대 지포스 RTX 4060, Luna Grey, 1024GB, 32GB, Free DOS, 83DV004CKR","1,827,050",5.0,53
"에이수스 2024 TUF 게이밍 A16 라이젠9 라이젠 7000 시리즈 지포스 RTX 4060, Mecha Gray, 1TB, 16GB, Free DOS, FA607PV-QT059","1,649,000",4.5,23
"마이크로소프트 2022 서피스 프로9 노트북 13 + 키보드 + 슬림펜 2 코어i5 인텔 12세대, Graphite(노트북), Black(키보드), 256GB, 16GB, WIN11 Home, QI9-00032(노트북), 8X6-00017(키보드)","1,799,000",5.0,504
"Apple 2024 맥북 에어 13 M3, 미드나이트, M3 8코어, 8코어 GPU, 256GB, 8GB, 30W, 한글","1,391,250",5.0,113
"레노버 2024 LOQ 15ARP9 라이젠7 라이젠 7000 시리즈 지포스 RTX 4060, Luna Grey, 512GB, 12GB, WIN11 Home, 83JC003FKR","1,489,000",5.0,3
"삼성전자 갤럭시북4 15.6 코어I5 13세대 한컴오피스팩 및 무선마우스, R-A51AS, Linux, 16GB, 512GB, 실버","829,000",5.0,366
"에이수스 2024 크롬북 플립 CX5 15.6 코어i3 인텔 11세대, 화이트, 128GB, 8GB, Chrome OS, CX5500FEA-ZD381","625,670",,0
"레노버 2024 리전 5i 프로 16IRX 코어i9 인텔 14세대 지포스 RTX 4070, Onyx Grey, 1TB, 32GB, Win11 Home, 83DF005RKR","2,799,000",5.0,5
"레노버 2023 아이디어패드 프로 5i 16IRH 16 코어i5 인텔 13세대 지포스 RTX 4050, Arctic Grey, 1TB, 16GB, Free DOS, 83AQ003LKR","1,664,900",5.0,15
"삼성전자 2023 갤럭시북3 프로 14.0 코어i7 인텔 13세대 Iris Xe, 그라파이트, 512GB, 16GB, WIN11 Home, NT940XFG-K71A","1,489,000",5.0,319
하이닉스 노트북용 RAM 8GB DDR5-4800MHz 새상품/벌크 당일출고/무료배송,"17,900",4.5,14
"삼성전자 2021 갤럭시북 15.6 코어i7 인텔 11세대, 미스틱 블랙, 256GB, 8GB, WIN11 HOME, NT761XDA","969,000",5.0,1169
"레노버 2022 V15 G3 ABA 15.6 라이젠5 라이젠 5000 시리즈, Iron Gray, 256GB, 4GB, WIN11 Home, 82TV0001KR","717,790",5.0,857
"홈플래닛 접이식 휴대용 알루미늄 노트북 거치대 (휴대용 파우치 포함), 매트 블랙","9,890",4.5,9529
"삼성 갤럭시북 프로 15인치 노트북 인텔 14세대 울트라7 대학생노트북 가성비노트북 삼성노트북 사은품증정, 실버, NT950, 512GB, 16GB, Win 11 Home","1,499,000",5.0,297
"LG전자 그램 Pro 17 코어 울트라5 인텔 Arc, 에센스 화이트, 256GB, 16GB, WIN11 Home, 17Z90SP-GA5CK","1,999,920",4.5,45
"HP 2024 노트북 15 코어5 인텔 14세대, 15-fd1025TU, WIN11 Home, 32GB, 1TB, Diamond White","1,179,000",5.0,1
"레노버 아이디어패드 플렉스 5 14IRU8 코어i5 인텔 13세대, ABYSS BLUE, 512GB, 16GB, WIN10 Home, 82Y00074KR","1,049,000",5.0,8
"삼성전자 갤럭시북2 NT550XEZ-A58A -a 정품 윈도우 11 설치 가성비 업무용 학생용 노트북, WIN11 Pro, 32GB, 1TB, 코어i5, 그라파이트","1,049,000",5.0,8
"레노버 2022 씽크북 16 G4+ IAP 16 코어i7 인텔 12세대, Arctic grey, 1TB, 16GB, Free DOS, 21CY005HKR","1,214,900",5.0,19
"레노버 2024 씽크북 16IML G7 ULT7 코어Ultra7, Arctic Grey, 512GB, 16GB, Free DOS, 21MS006XKR","1,349,000",5.0,3
"LG전자 2023 그램 15 코어i5 인텔 13세대, 스노우 화이트, 256GB, 16GB, WIN11 Home, 15Z90R-GA56K","1,700,000",5.0,137
"에이수스 2024 젠북 14 코어Ultra7 인텔 14세대, 포기 실버, 512GB, 32GB, WIN11 Home, UX3405MA-PP721W","1,699,000",,0
"삼성전자 갤럭시북4 프로360 NT960QGK-K71AR 16인치 인텔 Ultra 7 (WIN11 SSD 1TB 32GB), WIN11 Home, 32GB, 문스톤 그레이","2,199,000",5.0,207
"HP 2024 빅터스 15 라이젠7 라이젠 8000 시리즈 지포스 RTX 4060, Mica Silver, 512GB, 16GB, WIN11 Home, 15-fb2025AX","1,563,530",4.5,3
"노벨뷰 쿨러몬스터 F3 알루미늄 RGB 노트북 스탠드, 레드","25,900",4.5,30
"잇버스 삼성 노트북 이온 / 이온2 / 플렉스 / 플렉스2 / 플렉스알파 키스킨, 투명, 1개","5,430",4.5,98
"HP 2024 파빌리온 에어로 13 라이젠7 라이젠 8000 시리즈, 내추럴 실버, 1TB, 16GB, WIN11 Home, 13-bg0007AU","1,399,000",5.0,1
"넥스트 노트북 쿨링 패드 6단계 각도조절 NEXT-1251NSM-PD, 블랙","14,250",4.5,30
"HP 2024 엔비 x360 16 코어Ultra5, Glacier Silver, 512GB, 16GB, WIN11 Home, 16-ac0023TU","1,524,750",5.0,1
"뷰라이프 24인치 일체형PC N5095 윈도우11포함 무선키보드마우스 증정, 240GB, 8GB","389,000",4.5,47
"MSI 2023 모던 14 코어i5 인텔 13세대, Classic Black, 512GB, 8GB, Free DOS, MSI 모던 14 C13M-i5 (425) / MS-14J","548,960",5.0,3
"HP 2024 노트북 14 코어i5 인텔 13세대, Natural Silver, 512GB, 16GB, Win11 Home, 14-ep0165TU","834,390",5.0,1
"레노버 2024 요가 프로 7 14IMH9 코어Ultra9 인텔 14세대 지포스 RTX 4060, Luna Grey, 1TB, 32GB, WIN11 Home, 83E20016KR","2,419,000",5.0,1
"에이수스 2023 비보북 프로 16 코어i9 인텔 13세대 지포스 RTX 4050, 콰이어트 블루, 512GB, 16GB, Free DOS, K6602VU-N1027","1,899,000",5.0,25
"삼성노트북 한컴오피스 증정 i7 윈도우11 가성비 사무용 대학생 인강용 광시야각 동영상 업무용 노트북추천, 그레이, 코어i7, 512GB, 16GB, WIN11 Home, NT750XGR-A71A","1,199,000",5.0,1166
"LG전자 2024 그램 17 코어Ultra5 인텔 14세대, 스노우 화이트, 256GB, 16GB, WIN11 Home, 17Z90S-GA5CK","1,890,000",5.0,2
"HP 2023 노트북 15 코어i5 인텔 13세대, Natural Silver, 512GB, 16GB, WIN11 Home, 15-fd0096tu","858,990",4.5,1013
"HP 2024 노트북 17 코어i5 인텔 13세대, Natural Silver, 256GB, 8GB, Free DOS, 17-cn3036TU","756,830",5.0,2
"에이수스 2024 ROG 스트릭스 G16 코어i9 인텔 13세대 지포스 RTX 4060, Eclipse Gray, 1TB, 16GB, Free DOS, G614JV-N4117","1,999,000",5.0,49
"에이수스 2023 젠북 S 13 OLED 코어i5 인텔 13세대, 바솔트 그레이, 512GB, 16GB, WIN11 Home, UX5304VA-NQ206W","1,139,000",5.0,2
"에이수스 2024 ROG 스트릭스 G18 코어i9 인텔 14세대 지포스 RTX 4070, Eclipse Gray, 1TB, 32GB, Free DOS, G814JIR-N6079","2,849,000",4.5,18
"삼성전자 갤럭시북4 프로 NT960XGQ-A51A 인텔 울트라5 색상선택 16인치 고해상도 AI 노트북 사무용 대학생 터치스크린 노트북, 문스톤그레이, NT960XGQ-A51AG, 코어Ultra5, 1TB, 16GB, WIN11 Home","1,998,000",5.0,357
"레노버 2022 Think Pad L13 Yoga GEN2 노트북 13.3 라이젠5 라이젠 5000 시리즈, 블랙, 256GB, 8GB, Free DOS, 21ADSOO1OO","829,200",4.5,18
"레노버 2023 씽크북 14 G6 IRL 코어i5 인텔 13세대, 혼합색상, 256GB, 8GB, Free DOS, 21KG007HKR","799,000",5.0,10
"삼성전자 갤럭시북4 울트라 16인치 인텔 울트라9 지포스 RTX4070 그래픽작업 및 산업디자인 추천 노트북 게이밍 노트북 서울/경기 퀵서비스 발송, L-X92AG, WIN11 Home, 32GB, 1TB, 문스톤 그레이","3,299,000",5.0,14
"레노버 2024 요가 프로 7 14IMH9 코어Ultra7 인텔 14세대 지포스 RTX 4050, Luna Grey, 1TB, 32GB, Free DOS, 83E2002HKR","2,099,000",,0
"HP 2024 자비스 AI 노트북 15 코어Ultra5 인텔 14세대, Natural Silver, 512GB, 16GB, WIN11 Home, 15-fd1029TU","998,990",4.5,53
"MSI 2023 GF63 씬 12VE 15.6 코어i7 인텔 12세대 지포스 RTX 4050, 블랙, 512GB, 8GB, WIN11 Home, MS-16R","1,421,950",5.0,189
"레노버 2022 V15 G3 IAP 15.6 코어i7 인텔 12세대, Iron Gray, 256GB, 8GB, Free DOS, 82TT007LKR","1,370,000",4.0,1
"HP 2020 ProBook 635 Aero G7 13.3, 실버, 라이젠3, 256GB, 8GB, WIN10 Home, G7 2Z8Y5PA","950,000",4.0,2
"레노버 2022 ThinkBook 14 G4 ABA 14, 미네랄 그레이, 256GB, WIN11 Home, 21DK0001KR, 라이젠5, 16GB","749,810",5.0,5
"Apple 2022 맥북 에어 13 M2, 미드나이트, M2 8코어, GPU 10코어, 512GB, 8GB, 35W 듀얼, 영문, Z1610001D","1,472,190",5.0,5523
"HP 2023 오멘 16 라이젠7 라이젠 7000 시리즈 지포스 RTX 4060, 쉐도우 블랙, 2TB, 32GB, WIN11 Home, 16-xf0038AX","2,129,090",5.0,483
"레노버 2023 씽크북 15 G5 IRL 15 코어i7 인텔 13세대, 미네랄 그레이, 768GB, 16GB, WIN11 Home, 21JD003WKR","882,070",5.0,4
"베이직스 2022 베이직북 14 3세대 셀러론, White, 256GB, 8GB, WIN11 Pro, BB1422SS","382,080",4.5,2083
"레노버 2023 V15 G4 IRU, Iron Gray, 256GB, 16GB, Win11 Home, 83A10000KR","728,530",4.0,2
"델 2024 게이밍 G16 7630 코어i7 인텔 13세대 지포스 RTX 4060, 메탈릭 나이트 쉐이드, 1TB, 32GB, WIN11 Home, G16 7630-W008KR_T3","2,199,000",5.0,3
"삼성전자 갤럭시북4 프로 14인치 인텔 코어 울트라5 최신형 사무용 가벼운 터치 노트북, WIN11 Home, 16GB, 512GB, 플래티넘 실버","1,549,000",5.0,127
"에이수스 Vivobook Go 15 라이젠5 라이젠 7000 시리즈, 쿨 실버, 256GB, 16GB, Free DOS, E1504FA-BQ494","714,970",5.0,769
"레노버 2023 아이디어패드 슬림 1 15IJL7 셀러론, 클라우드 그레이, 128GB, 12GB, WIN11 S, 82LX0086KR","699,000",3.0,4
"레노버 게이밍 3 15ARH7 R5 4050, WIN11 Home, 32GB, 1TB, 그레이","1,289,000",4.0,1
"Apple 2022 맥북 에어 13 M2, 실버, M2 8코어, GPU 8코어, 256GB, 8GB, 30W, 한글, MLXY3KH/A","1,167,600",5.0,5523
"레노버 2022 ThinkBook 15 G4 IAP 코어i5 인텔 12세대, 미네랄 그레이, 256GB, 8GB, WIN11 Home, 21DJ00C2KR","809,150",5.0,49
"레노버 2023 아이디어패드 슬림 3 16ABR8 16 라이젠5 라이젠 7000 시리즈, Arctic Grey, 1TB, 16GB, Free DOS, 82XR000FKR","883,150",5.0,244
"HP 2023 빅터스 16 코어i7 인텔 13세대 지포스 RTX 4060, Mica Silver, 512GB, 16GB, Free DOS, 16-r0090TX","1,699,000",4.5,202
기가바이트 노트북 어댑터 충전기 19V 6.32A 19.5V 6.15A 120W 외경 5.5mm 내경 2.5mm,"28,700",5.0,7
"HP 2023 오멘 16 코어i9 인텔 13세대 지포스 RTX 4070, Shadow Black, 1TB, 32GB, WIN11 Home, 16-wf0062TX","2,799,000",5.0,27
"HP 2023 15 Laptop PC 가성비노트북, CPU 라이젠7, Free DOS, 16GB, 512GB, 내추럴실버","784,000",5.0,2
"Apple 2022 맥북 에어 13 M2, 스페이스그레이, M2 8코어, GPU 10코어, 512GB, 8GB, 67W, 한글, Z15T0001T","1,511,930",5.0,5523
"주연테크 2023 캐리북T 13.3 펜티엄 실버, 메탈, 128GB, 4GB, WIN11 Pro, J3GP Pro","499,800",4.5,275
"레노버 2023 씽크북 15 G5 IRL 15 코어i5 인텔 13세대, 미네랄 그레이, 768GB, 16GB, Free DOS, 21JD0040KR","894,400",4.5,26
"레노버 2023 아이디어패드 슬림 5 16ABR8 16 라이젠5 라이젠 7000 시리즈, CLOUD GREY, 512GB, 16GB, WIN11 Home, 82XG002QKR","1,059,000",5.0,238
"레노버 2022 씽크북 13x G2 코어i7 인텔 12세대, Cloud Grey, 1TB, 16GB, WIN11 Home, 21AT0036KR","1,899,000",5.0,1
"레노버 리전 프로 5i 16IRX 16 코어i9 인텔 13세대 지포스 RTX 4060, ONYX GREY, 1TB, 16GB, Free DOS, 82WK007TKR","1,999,000",5.0,65
"Apple 2022 맥북 에어 13 M2, 스타라이트, M2 8코어, GPU 10코어, 512GB, 8GB, 35W 듀얼, 한글, MLY23KH/A","1,472,190",5.0,5523
"LG 울트라PC 14U30P-EE11K 윈도우 포함 셀러론 인강용 가성비 저렴한 노트북, WIN11 S, 8GB, 192GB, 화이트","535,000",3.0,2
"LENOVO 아이디어패드 Pro 5i 16IMH ULT7 Plus W11, 83D40047KR, WIN11 Home, 32GB, 1TB, 그레이","1,499,000",5.0,1
"LG전자 LG그램 16인치 13세대 i5 16GB 256GB, Free DOS, 코어i5, 화이트","1,429,000",5.0,8
"레노버 2023 V14 G4 IRU 코어i3 인텔 13세대, Iron Gray, 256GB, 8GB, Free DOS, 83A00006KR","589,000",4.5,8
"레노버 2022 ThinkPad E15 G4 15.6 라이젠5 라이젠 5000 시리즈, Black, 256GB, 8GB, WIN11 Home, 21ED004EKD","812,400",5.0,462
"Apple 2022 맥북 에어 13 M2, 스페이스그레이, M2 8코어, GPU 10코어, 512GB, 8GB, 35W 듀얼, 한글, MLXX3KH/A","1,437,600",5.0,5523
패트리어트 DDR4 8G PC4-25600 CL22 SIGNATURE 3200MHz 노트북용 파인인포,"24,500",5.0,30
"레노버 2024 씽크북 14IML G7 ULT5 코어Ultra5, Arctic Grey, 1TB, 32GB, Free DOS, 21MR006CKR","1,175,860",5.0,2
"삼성 NT901X3L 6세대i5 램8G SSD 윈도우10 초경량 840g 노트북, WIN10, 8GB, 256GB, 코어i5, 실버","398,900",5.0,9
"레노버 2022 아이디어패드 슬림 1 15AMN7 15.6 라이젠5 라이젠 7000 시리즈, Cloud Grey (82VG), 512GB, 8GB, Free DOS, 82VG002FKR","658,460",4.5,522
"레노버 IdeaPad Slim3 15IAU7 15.6 코어i5 인텔 12세대, Blue, 256GB, 16GB, Free DOS, Slim3 15IAU7 82RK00F5KR","676,250",5.0,102
"DELL 노트북 XPS 13 DX9320 정품 어댑터 65W USB C타입 PD 충전기 LA65NM190, 델 65W C타입 + 3구 케이블","34,280",4.5,29
"HP 2023 노트북 15 라이젠5 라이젠 7000 시리즈, Jet Black, 512GB, 8GB, Free DOS, 15-fc0079AU","695,420",5.0,936
"HP 15 노트북 코어i5 인텔 13세대, Natural Silver, 512GB, 16GB, Win11 HOME, HP 15-fd0125TU","1,436,500",4.5,1013
"MSI 2022 모던 14 코어i5 인텔 12세대, 블랙, 512GB, 8GB, Free DOS, 모던 14 C12M-i5 (245)","549,000",5.0,3
"LG전자 2020 울트라 PC 14, 화이트, 펜티엄 실버, 256GB, 4GB, WIN10 Home, 14U390-ME2TK","590,000",4.5,683
"LG전자 2023 그램 16 코어i5 인텔 13세대, 스노우 화이트, 256GB, 16GB, WIN11 Home, 16Z90R-GA5JK","1,765,000",5.0,1062
"큐데스크 메탈 노트북 거치대, 블랙","26,000",5.0,5
"노트북 쿨러 RMC GT202, 혼합색상","26,900",4.5,200
"HP 2023 노트북 15 코어i3 인텔 13세대, 실버, 2TB, 32GB, WIN11 Home, 15-fd0212TU","909,000",5.0,11
"에이수스 2023 ROG 플로우 Z13 코어i9 인텔 13세대 지포스 RTX 4050, Black, 1TB, 16GB, WIN11 Home, GZ301VU-MU003W","2,080,130",4.5,9
"LENOVO LOQ 15IRX9 i7 4060 CP, 83DV00DEKR, Free DOS, 64GB, 2TB, 그레이","1,849,000",5.0,3
"레노버 2023 씽크북 14 G6 IRL, 혼합색상, 1280GB, 8GB, Free DOS, 21KG007HKR","779,930",5.0,10
"레노버 2022 아이디어패드 슬림 5 15IAL7 15.6 코어i7 인텔 12세대 지포스 MX550, 스톰 그레이, 512GB, 16GB, Free DOS, 82SF005WKR","1,121,770",4.5,7
"레노버 2023 씽크북 16p G4 IRH 16 코어i7 인텔 13세대 지포스 RTX 4060, Storm grey, 512GB, 32GB, Free DOS, 21J8A002KR","2,149,000",5.0,12
"LG전자 그램 14 코어Ultra5, 에센스화이트, 512GB, 16GB, WIN11 Home, 14Z90S-GA56K","1,569,000",4.5,6
"에이수스 2019 Zenbook 13.3, 펄 화이트, 코어i5 8세대, 512GB, 8GB, WIN10 Home, UX334FL-A4033T","889,020",5.0,14
"HP 2023 14s 노트북 14 코어i5 인텔 12세대, Snow White, 256GB, 8GB, WIN11 Home, 14s-dq5074TU","780,000",4.5,324
"레노버 2024 아이디어패드 프로 5i 16IMH 코어Ultra7 인텔 14세대, Arctic Grey, 2TB, 32GB, Free DOS, 83D4005AKR","1,478,970",5.0,10
"HP 2024 자비스 AI 노트북 15 코어Ultra5 인텔 14세대, Natural Silver, 1TB, 16GB, WIN11 Home, 15-fd1029TU_T1","1,099,000",,0
"레노버 2024 리전 슬림 5 16AHP9 라이젠7 라이젠 8000시리즈 지포스 RTX 4070, Luna Grey, 1TB, 32GB, Free DOS, 83DH001QKR","2,399,000",,0
"에이수스 2024 ROG 스트릭스 G16 코어i9 인텔 13세대 지포스 RTX 4060, Eclipse Gray, 1TB, 16GB, Free DOS, G614JV-N4117","1,999,000",5.0,49
"레노버 2023 씽크북 16p G4 IRH 16 코어i7 인텔 13세대 지포스 RTX 4060, Storm grey, 512GB, 32GB, Free DOS, 21J8A002KR","2,149,000",5.0,12
"삼성전자 갤럭시북4 프로 NT960XGK-K71A 16인치 인텔 울트라7 영상편집 사무용 코딩용 대학생 고사양 120Hz 터치스크린 윈도우11 노트북, WIN11 Home, 32GB, 1TB, 문스톤 그레이","2,189,000",5.0,496
"LG전자 그램 14 코어Ultra5, 에센스화이트, 512GB, 16GB, WIN11 Home, 14Z90S-GA56K","1,569,000",4.5,6
"에이수스 2024 ROG 스트릭스 G18 코어i9 인텔 14세대 지포스 RTX 4070, Eclipse Gray, 1TB, 32GB, Free DOS, G814JIR-N6079","2,849,000",4.5,18
"에이수스 2019 Zenbook 13.3, 펄 화이트, 코어i5 8세대, 512GB, 8GB, WIN10 Home, UX334FL-A4033T","889,020",5.0,14
"베이직스 2022 베이직북 14 3세대 셀러론, White, 256GB, 8GB, WIN11 Pro, BB1422SS","382,080",4.5,2083
"HP 2023 14s 노트북 14 코어i5 인텔 12세대, Snow White, 256GB, 8GB, WIN11 Home, 14s-dq5074TU","780,000",4.5,324
"레노버 2024 아이디어패드 프로 5i 16IMH 코어Ultra7 인텔 14세대, Arctic Grey, 2TB, 32GB, Free DOS, 83D4005AKR","1,478,970",5.0,10
"HP 2024 자비스 AI 노트북 15 코어Ultra5 인텔 14세대, Natural Silver, 1TB, 16GB, WIN11 Home, 15-fd1029TU_T1","1,099,000",,0
"삼성전자 갤럭시북4 프로 14인치 인텔 코어 울트라5 최신형 사무용 가벼운 터치 노트북, WIN11 Home, 16GB, 512GB, 플래티넘 실버","1,549,000",5.0,127
"레노버 2024 리전 슬림 5 16AHP9 라이젠7 라이젠 8000시리즈 지포스 RTX 4070, Luna Grey, 1TB, 32GB, Free DOS, 83DH001QKR","2,399,000",,0
"에이수스 2024 TUF 게이밍 A15 라이젠7 라이젠 7000 시리즈 지포스 RTX 4060, Mecha Gray, 512GB, 16GB, WIN11 Home, FA507NVR-LP005W","1,699,000",5.0,1
"감성공장 알루미늄 접이식 15단 노트북 거치대, 실버","20,610",4.5,1236
"ACER PREDATOR Helios Neo 16 PHN16-72-9529 [무선 마우스+ 패드 증정], WIN11 PRO, 32GB, 1TB, 블랙","2,048,000",5.0,4
"삼성전자 갤럭시북4 울트라 16인치 인텔 울트라9 지포스 RTX4070 그래픽작업 및 산업디자인 추천 노트북 게이밍 노트북 서울/경기 퀵서비스 발송, L-X94AG, WIN11 Home, 64GB, 2TB, 문스톤 그레이","3,999,000",5.0,14
"레노버 2022 아이디어패드 플렉스 5 16IAU7 16 코어i7 인텔 12세대, STORM GREY, 256GB, 16GB, Free DOS, 82R8004QKR","1,139,000",5.0,18
"에이서 2023 스위프트 엣지 OLED 16 라이젠7 라이젠 7000 시리즈, Glacier Blue, 512GB, 16GB, Free DOS, SFE16-42-R3TY","1,225,450",4.0,4
"Apple 2020 맥북 에어 13, 스페이스 그레이, M1, 256GB, 16GB, Z124000BL","1,250,000",5.0,13037
"레노버 2024 씽크북 16IML G7 ULT5 코어Ultra5, Arctic Grey, 512GB, 16GB, Free DOS, 21MS0071KR","1,199,000",5.0,4
"삼성전자 갤럭시북4 15.6 코어I5 13세대 한컴오피스팩 및 무선마우스, R-A51AG, Linux, 16GB, 256GB, 그레이","749,000",5.0,366
"삼성 갤럭시북4 엣지 NT960XMB-K01A AI 인공지능 코파일럿 고사양 영상편집 노트북, NT960, WIN11 Home, 16GB, 1TB, 사파이어 블루","2,199,000",,0
"에이수스 2024 TUF 게이밍 A16 라이젠9 라이젠 7000 시리즈 지포스 RTX 4060, Mecha Gray, 1TB, 16GB, Free DOS, FA607PV-QT059","1,649,000",4.5,23
"삼성전자 2024 갤럭시북4 프로 16 코어i7 인텔 13세대 Iris Xe, 그라파이트, NT960XFG-K71AR, 코어Ultra7, 1TB, 32GB, WIN11 Home","2,189,000",5.0,425
"감성공장 알루미늄 접이식 15단 노트북 거치대, 블랙","18,510",4.5,1236
"HP 2024 오멘 16 슬림 코어i7 인텔 14세대 지포스 RTX 4050, 세라믹 화이트, 512GB, 32GB, WIN11 Home, 16-u1028TX","1,950,630",5.0,1
"에이수스 ExpertBook B1 B1502CBA-BQ0249, WIN11 Home, 8GB, 256GB, 코어i5, 스타블랙","599,000",5.0,1
"HP 2023 노트북 245 G10 14 라이젠7 라이젠 7000 시리즈, 실버, 256GB, 8GB, WIN11 Pro, 821K6PA","876,780",5.0,1
"레노버 IdeaPad Slim1-15ALC7 + WIN11 사무용 인강용 노트북 R5-5500U, 레노버 아이디어패드 Slim1-15ALC7, WIN11 Pro, 24GB, 512GB, Cloud Gray","567,000",4.5,3
"HP 2024 빅터스 15 라이젠7 라이젠 8000 시리즈 지포스 RTX 4060, Mica Silver, 512GB, 16GB, Free DOS, 15-fb2031AX","1,519,000",5.0,6
"레노버 2024 아이디어패드 프로 5 14AHP9 라이젠7 라이젠 8000 시리즈 지포스 RTX 3050, Arctic Grey, 512GB, 16GB, Free DOS, 83D30009KR","1,381,580",5.0,1
"레노버 2023 씽크북 15 G5 IRL 15 코어i5 인텔 13세대, 미네랄 그레이, 256GB, 16GB, Free DOS, 21JD0040KR","826,250",4.5,26
"HP 2024 자비스 AI 노트북 15 코어Ultra5 인텔 14세대, Natural Silver, 512GB, 16GB, Free DOS, 15-fd1030TU","999,000",4.5,53
"모가비 초경량 노트북 거치대 MOG-124, 블랙","19,900",5.0,55
"레노버 2022 씽크북 13s G4 IAP 코어i7 인텔 12세대, 미네랄 그레이, 512GB, 16GB, Free DOS, 21AR0015KR","1,249,000",5.0,1
"LG전자 2023 울트라PC 15 코어i3 인텔 13세대, 화이트, 256GB, 8GB, WIN11 Home, 15U50R-GR3CK","899,770",4.5,73
"HP 2020 EliteBook 845 G7 14 라이젠7 Pro 라이젠 4000 시리즈, 256GB, 8GB, Free DOS, G7-2F1L9PA","698,000",5.0,32
"LG전자 그램 프로 17 코어Ultra7, 17Z90SP-ED79K, WIN11 Home, 32GB, 256GB, 에센스화이트","2,699,000",5.0,3
"에이수스 2023 TUF 게이밍 A16 Advantage Edition 라이젠7 라이젠 7000 시리즈 라데온 RX 7600S, 오프 블랙, 512GB, 8GB, Free DOS, FA617NS-N4096","1,379,000",5.0,3
"LG전자 2024 그램 17 코어Ultra5 인텔 14세대, 옵시디안 블랙, 512GB, 16GB, WIN11 Home, 17Z90S-GA5BK","1,990,000",5.0,2
"레노버 2022 ThinkPad E14 G4 14 코어i5 인텔 12세대, Black, 256GB, 8GB, WIN11 Home, 21E300FDKR","942,980",5.0,1
"Apple 2022 맥북 에어 13 M2, 실버, M2 8코어, GPU 10코어, 512GB, 16GB, 35W 듀얼, 한글, Z15X0001G","1,747,400",5.0,5523
"레노버 리전 프로 5i 16IRX 16 코어i9 인텔 13세대 지포스 RTX 4060, ONYX GREY, 1536GB, 16GB, Free DOS, 82WK007TKR","2,067,150",5.0,65
"HP 2023 파빌리온 x360 14, 256GB, 코어i3, 14-ek0146TU, Blue, WIN11 Home, 8GB","799,800",4.0,20
"레노버 2023 씽크북 14s Yoga G3 IRU 14, 미네랄 그레이, 코어i7, 512GB, 16GB, WIN11 Home, 21JG000SKR","1,479,060",,0
"Apple 2022 맥북 에어 13 M2, 스페이스그레이, M2 8코어, GPU 8코어, 512GB, 24GB, 30W, 한글, Z15S0003G","1,977,600",5.0,5523
"레노버 2024 씽크북 16IML G7 ULT5 코어Ultra5, Arctic Grey, 512GB, 32GB, Free DOS, 21MS0071KR","1,099,000",5.0,4
"레노버 2022 씽크북 16 G4+ IAP 16 코어i7 인텔 12세대, Arctic grey, 512GB, 16GB, WIN11 Home, 21CY005HKR","1,322,960",5.0,19
"삼성 NT900 가벼운 노트북 코어 i5 윈도우10탑재 사무용 업무용 인강용, i7-8500(B급), WIN10, 256GB, 16GB, 그레이",,4.0,1
"HP 2022 노트북 17s 코어i5 인텔 12세대, 네추럴 실버, 256GB, 16GB, Free DOS, 17s-cu2032TU","938,880",4.5,25
"HP 2024 엘리트북 830 G11 13 코어Ultra5 울트라 1세대, 실버, 512GB, 32GB, WIN11 Pro, G11-A1VH2PT","1,768,990",,0
"LENOVO LEGION Slim 5 14APH R9 4060 W11 [OLED/WQXGA+], 그레이, 1TB, 16GB, WIN11 Home, 82Y5003LKR","1,999,000",5.0,57
"HP 2024 빅터스 15 라이젠5 라이젠 7000 시리즈 지포스 RTX 2050, Mica Silver, 512GB, 8GB, Free DOS, 15-fb1035AX","1,078,500",5.0,23
"레노버 2024 씽크북 16IML G7 ULT5 코어Ultra5, Arctic Grey, 512GB, 32GB, WIN11 Home, 21MS006VKR","1,288,000",5.0,4
"HP 2023 빅터스 16 코어i5 인텔 13세대 지포스 RTX 4060, Mica Silver, 512GB, 16GB, Free DOS, 16-r0094TX","1,578,000",5.0,117
"[기가바이트] GIGABYTE A5 X1 R9 W11, WIN11 Home, 16GB, 1TB, 블랙","1,299,000",5.0,1
"LG 2023 그램14 14ZD90R-GX56K, 스노우 화이트, 코어i5, 512GB, 16GB, WIN11 PRO","1,329,000",5.0,4
"레노버 리전 5 프로 16ARH 16 라이젠7 라이젠 6000 시리즈 지포스 RTX 3060, 그레이시 화이트, 512GB, 16GB, Free DOS, 82RG00FNKR","1,372,770",5.0,330
"레노버 2024 요가 프로 7 14AHP9 라이젠7 라이젠 8000 시리즈 지포스 RTX 3050, Luna Grey, 1TB, 16GB, Free DOS, 83E30009KR","1,699,000",5.0,2
"레노버 2023 아이디어패드 프로 5i 16IRH 16 코어i5 인텔 13세대 지포스 RTX 4050, Arctic Grey, 512GB, 16GB, Free DOS, 83AQ003LKR","1,548,990",5.0,15
"LG노트북 사무용 노트북 울트라 PC 15.6인치 i3 8세대 SSD장착 WIN11, 15UB470, WIN11 Pro, 128GB, 8GB, 화이트","399,000",,0
"ACER 니트로 V 16 ANV16-41-R584, WIN11 Home, 32GB, 2TB, 블랙","1,329,000",5.0,2
"HP 2023 Z북 파이어플라이 14 G10A 라이젠7 Pro 라이젠 7000 시리즈, 실버, 1TB, 32GB, WIN11 Pro, G10A-752N3AV","1,858,320",,0
"레노버 V15 Gen4 i5-13th, V15 Gen4 IRU, WIN11 Home, 16GB, 2TB, 그레이","799,000",5.0,2
"[당일출고] MSI Pulse 17 B13VGK-i9 QHD, Pulse 17 B13VGK, WIN11 Home, 64GB, 2TB, Grey","2,379,000",5.0,1
*UB07KR 모델로 출고됩니다* 델 인스피론 15 3520 Linux 카본 블랙 256GB DN3520-UB02KR 코어i5 16GB,"559,000",,0
"LG전자 그램14, 14Z980, WIN10 Home, 16GB, 1TB, 코어i5, 화이트","649,000",4.5,7
"[기가바이트] GIGABYTE A5 X1 R9 W11, WIN11 Home, 32GB, 1TB, 블랙","1,399,000",5.0,1
"HP 2023 엔비 x360 15.6 코어i7 인텔 12세대, Natural Silver Aluminum, 512GB, 16GB, WIN11 Home, 15-ew0051TU","1,449,000",4.5,156
"레노버 2022 ThinkPad E15 G4 15.6 라이젠5 라이젠 5000 시리즈, Black, 256GB, 8GB, Free DOS, 21ED004EKD","789,000",5.0,462
"Apple 2022 맥북 에어 13 M2, 스타라이트, M2 8코어, GPU 10코어, 512GB, 8GB, 70W, 한글, Z15Z002VU","1,553,400",5.0,5523
"마이크로소프트 2022 서피스 랩탑5 노트북 15 코어i7 인텔 12세대, 블랙, 512GB, 16GB, WIN11 Home, RIP-00046","1,296,550",4.5,89
"에이수스 2024 ROG 스트릭스 G16 코어i9 인텔 13세대 지포스 RTX 4060, Eclipse Gray, 1TB, 16GB, Free DOS, G614JV-N4117","1,999,000",5.0,49
"레노버 2024 요가 프로 7 14AHP9 라이젠7 라이젠 8000 시리즈 지포스 RTX 3050, Luna Grey, 1TB, 16GB, Free DOS, 83E30009KR","1,699,000",5.0,2
"삼성전자 갤럭시북4 프로 NT960XGK-K71A 16인치 인텔 울트라7 영상편집 사무용 코딩용 대학생 고사양 120Hz 터치스크린 윈도우11 노트북, WIN11 Home, 32GB, 1TB, 문스톤 그레이","2,189,000",5.0,496
"Apple 2023 맥북 프로 14 M3, 스페이스 그레이, M3 8코어, 10코어 GPU, 512GB, 16GB, 한글","2,325,130",5.0,807
"삼성노트북 한컴오피스 증정 i7 윈도우11 가성비 사무용 대학생 인강용 광시야각 동영상 업무용 노트북추천, 그레이, 코어i7, 512GB, 16GB, WIN11 Home, NT750XGR-A71A","1,199,000",5.0,1166
"레노버 2023 아이디어패드 프로 5i 16IRH 16 코어i5 인텔 13세대 지포스 RTX 4050, Arctic Grey, 512GB, 16GB, Free DOS, 83AQ003LKR","1,548,990",5.0,15
"HP 2023 오멘 16 라이젠7 라이젠 7000 시리즈 지포스 RTX 4060, 쉐도우 블랙, 512GB, 16GB, WIN11 Home, 16-xf0052AX","1,849,890",5.0,483
*UB07KR 모델로 출고됩니다* 델 인스피론 15 3520 Linux 카본 블랙 256GB DN3520-UB02KR 코어i5 16GB,"559,000",,0
"LG전자 그램14, 14Z980, WIN10 Home, 16GB, 1TB, 코어i5, 화이트","649,000",4.5,7
"HP 2023 엔비 x360 15.6 코어i7 인텔 12세대, Natural Silver Aluminum, 512GB, 16GB, WIN11 Home, 15-ew0051TU","1,449,000",4.5,156
"HP 2023 노트북 15 코어i5 인텔 13세대, Natural Silver, 512GB, 16GB, WIN11 Home, 15-fd0096tu","858,990",4.5,1013
잘만 노트북 쿨링 받침대 ZM-NS1000,"23,410",4.5,1410
"에이수스 2024 ROG 스트릭스 G18 코어i9 인텔 14세대 지포스 RTX 4070, Eclipse Gray, 1TB, 32GB, Free DOS, G814JIR-N6079","2,849,000",4.5,18
"에이수스 2023 ROG 스트릭스 G16 지포스 RTX 4070, Eclipse Gray, 512GB, 32GB, Free DOS, G614JI-N4027","2,256,400",4.5,81
"레노버 2022 ThinkPad E15 G4 15.6 라이젠5 라이젠 5000 시리즈, Black, 256GB, 8GB, Free DOS, 21ED004EKD","789,000",5.0,462
"레이저 2022 블레이드 14 라이젠9 라이젠 6000 시리즈 지포스 RTX 3080 Ti, 1TB, 16GB, WIN11 Home, Blade 14 R9 R3080Ti QHD","2,680,000",5.0,5
"마이크로소프트 2022 서피스 랩탑5 노트북 15 코어i7 인텔 12세대, 블랙, 512GB, 16GB, WIN11 Home, RIP-00046","1,296,550",4.5,89
"레노버 2023 아이디어패드 슬림 5i 14IRL 14 코어i5 인텔 13세대, Cloud Grey, 512GB, 16GB, Free DOS, 82XD002XKR","1,149,000",5.0,335
"홈플래닛 와이드형 메탈 쿨링홀 노트북 거치대(높이 각도 조절), 티타늄 블랙","23,980",5.0,17459
"레노버 2022 아이디어패드 플렉스 5 16IAU7 16 코어i7 인텔 12세대, STORM GREY, 512GB, 16GB, WIN11 Home, 82R8004RKR","1,332,960",5.0,18
"에이수스 2024 TUF 게이밍 A15 라이젠7 라이젠 7000 시리즈 지포스 RTX 4060, Mecha Gray, 512GB, 16GB, WIN11 Home, FA507NVR-LP005W","1,699,000",5.0,1
"에이수스 2024 TUF 게이밍 A16 라이젠9 라이젠 7000 시리즈 지포스 RTX 4060, Mecha Gray, 2TB, 32GB, Free DOS, FA607PV-QT059","1,809,970",4.5,23
"삼성전자 2024 갤럭시북4 프로 16 코어i7 인텔 13세대 Iris Xe, 그라파이트, NT960XFG-K71AR, 코어Ultra7, 1TB, 32GB, WIN11 Home","2,189,000",5.0,425
"삼성전자 갤럭시북4 프로 14인치 인텔 코어 울트라5 최신형 사무용 가벼운 터치 노트북, WIN11 Home, 16GB, 512GB, 플래티넘 실버","1,549,000",5.0,127
"레노버 2021 GAMING 3i 15IHU 코어i7 인텔 11세대 지포스 RTX 3050, Shadow Black, 1280GB, 16GB, WIN11 Home, 82K1006VKR","1,314,950",4.5,85
"주연테크 FHD LED IPS 60Hz 스피커내장 포터블 휴대용 모니터 캐리뷰, 39.6cm, V156FP","149,000",4.5,26
"레노버 2022 아이디어패드 슬림 1 15AMN7 15.6 라이젠3 라이젠 7000 시리즈, Cloud Grey (82VG), 512GB, 8GB, Free DOS, 82VG002EKR","488,000",5.0,1377
"레노버 2024 아이디어패드 5i 프로 14IMH 코어Ultra7, Arctic Grey, 1TB, 32GB, WIN11 Home, 83D2001CKR","1,499,000",4.5,22
"HP 노트북 Jarbis 15-A1UE9PA H1 32GB램 SSD512GB Win11 인텔 울트라7-155H 인강용 업무용, WIN11 Home, 32GB, 512GB, 실버","1,299,000",,0
"LG전자 2023 그램16 코어i5 인텔 13세대, 스노우 화이트, 512GB, 16GB, WIN11 Home, 16Z90R-GA5SK","1,999,000",5.0,1062
"레노버 2023 V14 G4 IRU 코어i3 인텔 13세대, Iron Gray, 256GB, 16GB, Win11 HOME, 83A00006KR","1,199,000",4.5,8
"에이수스 2021 크롬북 플립 C214 11.6 셀러론 인텔 8세대, 다크그레이, 64GB, 4GB, Chrome OS, C214MA-ZD460W","399,000",,0
"에이서 2024 프레데터 헬리오스 네오 16 코어i9 인텔 14세대 지포스 RTX 4060, 블랙, 512GB, 32GB, Free DOS, PHN16-72-9529","1,699,710",5.0,3
"MSI CYBORG 15 A12VF [이벤트 한정특가 / 사은품증정], WIN11 Pro, 32GB, 2TB, 코어i7, 블랙","1,719,000",4.5,6
"레노버 리전 5 프로 16ARH 16 라이젠9 라이젠 6000 시리즈 지포스 RTX 3070 Ti, 그레이시 화이트, 512GB, 16GB, WIN11 Home, LEGION 5 Pro 16ARH R9 3070Ti","2,360,410",5.0,67
"레노버 2021 씽크패드 E15 ITL 코어i5 인텔 11세대, Black, 512GB, 8GB, Free DOS, 20TDS01700","885,910",4.5,40
"MSI 2023 모던 15 코어i7 인텔 13세대, Classic Black, 512GB, 8GB, Free DOS, B13M-i7","796,950",5.0,1
"HP 2024 엔비 X360 14 라이젠7 라이젠 8000 시리즈, 14-fa0041AU, WIN11 Home, 16GB, 512GB, Glacier Silver","1,589,000",4.5,7
"레노버 2022 씽크패드 E15 Gen4 15.6 코어i7 인텔 12세대, Black, 256GB, 8GB, Free DOS, 21E600E9KD?","1,049,000",5.0,1
"레노버 2024 씽크북 16IML G7 ULT5 코어Ultra5, Arctic Grey, 1024GB, 16GB, WIN11 Home, 21MS006VKR","1,314,900",5.0,4
"LG그램 16인치 17인치 11세대 인텔 i7 Win11 360도 터치스크린 터치펜포함 RAM 16GB NVMe 512GB 16:10 블랙 16T90P-K.AAE7U1, 그레이, 16인치터치, 1TB, 32GB, WIN11 Home","1,699,000",5.0,163
"에이수스 2023 TUF 게이밍 F17 코어i9 인텔 13세대 지포스 RTX 4060, Mecha Gray, 512GB, 16GB, Free DOS, FX707VV4-LL017","2,328,000",5.0,152
"HP 2023 Z북 파이어플라이 G10 16 코어i7 인텔 13세대 RTX A500, 실버, 512GB, 32GB, Free DOS, G10-740J1AV","1,603,960",5.0,1
"Apple 2022 맥북 에어 13 M2, 실버, M2 8코어, GPU 8코어, 512GB, 16GB, 30W, 한글, Z15W00026","1,707,600",5.0,5523
"HP 2024 오멘 16 슬림 코어i9 인텔 14세대 지포스 RTX 4070, 세라믹 화이트, 1TB, 32GB, WIN11 Home, 16-u1031TX","3,099,000",5.0,7
"Apple 2024 맥북 에어 15 M3, 실버, M3 8코어, 10코어 GPU, 512GB, 16GB, 35W 듀얼, 한글","2,208,400",5.0,137
"레노버 2023 아이디어패드 슬림 5 라이트 14ABR8 14 라이젠7 라이젠 7000 시리즈, CLOUD GREY, 512GB, 16GB, Free DOS, 82XS001AKR","929,000",5.0,79
"레노버 아이디어패드 슬림 3 15IRU9, 아틱 그레이, 512GB, 16GB, WIN11 Home, 83E60030KR","899,000",,0
"HP 2023 빅터스 16 라이젠5 라이젠 7000 시리즈 지포스 RTX 4060, Mica Silver, 512GB, 16GB, WIN11 Home, 16-s0101AX","1,669,000",5.0,62
"MSI 2024 프레스티지 16 코어Ultra9 인텔 14세대 지포스 RTX 4070, 스텔라그레이, 1TB, 32GB, WIN11 Pro, MS-15A","3,098,930",5.0,1
"MSI 브라보 17 라이젠7 라이젠 7000 시리즈 지포스 RTX 4060, 블랙, 1TB, 32GB, Free DOS, D7VF","1,399,000",4.5,87
"MSI 2023 프레스티지 16 Studio A13VF Mini LED 코어i7 인텔 13세대 지포스 RTX 4060, 어반 실버, 1TB, 16GB, Free DOS, MS-159","1,999,000",5.0,1
"레노버 2024 아이디어패드 슬림 5 16IMH OLED 코어Ultra7, 클라우드 그레이, 1TB, 32GB, WIN11 Home, 83DC002SKR","1,699,000",5.0,8
"레노버 2022 씽크북 13s G4 IAP 코어i5 인텔 12세대, 미네랄 그레이, 256GB, 16GB, WIN11 Home, 21AR0060KR","1,199,000",,0
"Apple 2023 맥 미니 M2, M2 8코어, 10코어, 256GB, 8GB","779,500",5.0,726
"레노버 2022 ThinkBook 15 G4 ABA 15.6 라이젠5 라이젠 5000 시리즈, 미네랄 그레이, 256GB, 8GB, Free DOS, 21DL0000KR","749,900",5.0,80
"Apple 2024 맥북 에어 13 M3, 스타라이트, M3 8코어, 8코어 GPU, 256GB, 8GB, 30W, 한글","1,439,400",5.0,113
"영원한 슬림 방열 거치대 노트북 파우치, 그레이","17,500",5.0,120
"LG전자 2020 울트라 PC 14, 화이트, 셀러론, 512GB, 8GB, WIN10 Home, 14U390-ME1TK","799,800",4.5,683
"레노버 2022 씽크북 16 G4+ IAP 16 코어i7 인텔 12세대, Arctic grey, 1TB, 16GB, WIN11 Home, 21CY005HKR","1,388,860",5.0,19
"에이수스 2024 비보북 S 15 라이젠5 라이젠 7000 시리즈, 뉴트럴 블랙, 1TB, 16GB, Free DOS, M5506NA-MA036_1T","1,078,000",5.0,7
"노벨뷰 쿨러몬스터 F3 RGB 게이밍 알루미늄 노트북 거치대, BLUE","25,900",4.5,30
"LG전자 그램 Pro 16 코어 울트라7 인텔 Arc, 에센스 화이트, 256GB, 16GB, WIN11 Home, 16Z90SP-GA7CK","2,028,630",5.0,74
"레노버 2024 아이디어패드 슬림 5 14AHP9 라이젠7 라이젠 8000 시리즈, CLOUD GREY, 512GB, 32GB, WIN11 Home, 83DB001GKR","1,773,000",4.0,1
"에이서 2024 프레데터 헬리오스 네오 V 16 코어i5 인텔 14세대 지포스 RTX 4060, 블랙, 512GB, 16GB, Free DOS, PHN16-72-55XV","1,348,960",4.0,1
삼성전자 DDR4 8GB 노트북용 PC4-25600,"28,380",5.0,2441
"삼성전자 중고노트북 최신 사양 인텔10세대 NT551XCJ i5-10210U, WIN11 Pro, 32GB, 1TB, HDD 1TB","650,440",5.0,10
"ipTIME USB 3.0 Type C 기가비트 랜카드, U1G-C","15,400",5.0,404
"Apple 2022 맥북 에어 13 M2, 스페이스그레이, M2 8코어, GPU 10코어, 512GB, 16GB, 35W 듀얼, 한글, Z15T0001K","1,863,600",5.0,5523
"에이수스 2024 ROG 스트릭스 16 코어i7 인텔 13세대 지포스 RTX 4060, 실버, 512GB, 16GB, Free DOS, G614JV-N3111","1,749,000",5.0,1
"다이아큐브 엘지 (LG) 무반사 노트북 블루라이트차단 필름, 1개","21,200",4.5,178
"HP 2023 노트북 15s 코어i5 인텔 12세대, 화이트, 512GB, 16GB, Free DOS, 15s-fq5304TU","731,780",,0
"레노버 2022 ThinkBook 15 G4 ABA 15.6 라이젠7 라이젠 5000 시리즈, 미네랄 그레이, 1TB, 16GB, Free DOS, 21DL004RKR","899,000",4.5,11
"ipTIME 노트북용 유선랜카드 U1G, 1","15,400",5.0,1889
"LG전자 2021 울트라 PC 15.6 + 무선마우스 + 마우스패드 + HDMI케이블 + 노트북키스킨, 화이트, 코어i5 11세대, 512GB, 8GB, Free DOS, 15UD50P-GX50K","800,000",5.0,482
"LG전자 그램 Pro 16 코어 울트라5 인텔 Arc, 에센스 화이트, 768GB, 16GB, WIN11 Home, 16Z90SP-GA5CK","1,981,610",5.0,192
"LG전자 그램 노트북 전용파우치, BROWN + BEIGE","9,780",4.5,1592
"삼성전자 2020 플러스 15.6, 퓨어 화이트, 코어i3 10세대, 256GB, 8GB, WIN10 Home, NT350XCR-AD3AW","778,440",5.0,2739
"HP 2023 파빌리온 에어로 13 라이젠5 라이젠 7000 시리즈, 화이트, 512GB, 16GB, Free DOS, 13-be2062AU","1,299,000",4.5,64
"레노버 2022 아이디어패드 플렉스 5 16IAU7 16 코어i3 인텔 12세대, STORM GREY, 256GB, 8GB, Free DOS, 82R8004RKR","752,890",5.0,3
"넥시 USB3.0 기가비트 이더넷 유선 랜카드 노트북용, NX-UE30D(다크실버), 1개","9,870",4.5,557
"삼성전자 갤럭시북4 프로 NT960XGK-K71A 16인치 인텔 울트라7 영상편집 사무용 코딩용 대학생 고사양 120Hz 터치스크린 윈도우11 노트북, WIN11 Home, 32GB, 1TB, 문스톤 그레이","2,189,000",5.0,496
"레노버 2022 ThinkBook 15 G4 ABA 15.6 라이젠7 라이젠 5000 시리즈, 미네랄 그레이, 1TB, 16GB, Free DOS, 21DL004RKR","899,000",4.5,11
"HP 2024 자비스 AI 노트북 15 코어Ultra5 인텔 14세대, Natural Silver, 512GB, 16GB, WIN11 Home, 15-fd1029TU","998,990",4.5,53
"에이수스 2024 익스퍼트북 B9 14 코어i7 인텔 13세대, Star black, 1TB, 32GB, WIN11 Pro, B9403CVA-KM0423X","2,099,000",5.0,3
"에이수스 2024 ROG 스트릭스 G16 코어i9 인텔 13세대 지포스 RTX 4060, Eclipse Gray, 1TB, 16GB, Free DOS, G614JV-N4117","1,999,000",5.0,49
"ipTIME 노트북용 유선랜카드 U1G, 1","15,400",5.0,1889
"베이직스 2022 베이직북 14 3세대 셀러론, White, 256GB, 8GB, WIN11 Pro, BB1422SS","382,080",4.5,2083
"큐데스크 메탈 노트북 거치대, 화이트","26,000",5.0,5
"LG전자 2021 울트라 PC 15.6 + 무선마우스 + 마우스패드 + HDMI케이블 + 노트북키스킨, 화이트, 코어i5 11세대, 512GB, 8GB, Free DOS, 15UD50P-GX50K","800,000",5.0,482
"에이수스 2024 비보북 S 15 라이젠5 라이젠 7000 시리즈, 뉴트럴 블랙, 1TB, 16GB, WIN11 Home, M5506NA-MA036_1TW","1,226,670",5.0,7
"LG그램15 코어i5(10세대/ 램 16G/ SSD 256G/ 윈도우11프로 초경량 1.09kg, 15ZB995, 코어i5, 256GB, 16GB, WIN10","759,000",5.0,25
"HP 2023 파빌리온 에어로 13 라이젠5 라이젠 7000 시리즈, 화이트, 512GB, 16GB, Free DOS, 13-be2062AU","1,299,000",4.5,64
"삼성전자 갤럭시북4 프로 14인치 인텔 코어 울트라5 최신형 사무용 가벼운 터치 노트북, WIN11 Home, 16GB, 512GB, 플래티넘 실버","1,549,000",5.0,127
"레노버 2022 아이디어패드 플렉스 5 16IAU7 16 코어i3 인텔 12세대, STORM GREY, 256GB, 8GB, Free DOS, 82R8004RKR","752,890",5.0,3
"MSI 2023 GF63 씬 코어i5 인텔 12세대 지포스 RTX 4060, 블랙, 512GB, 16GB, WIN11 Home, MSI Thin GF63 12VF-i5 (400)","1,400,210",5.0,3
"레노버 2023 ThinkBook 16P G3 ARH 16 라이젠5 라이젠 6000 시리즈 지포스 RTX 3060, 미네랄 그레이, 512GB, 16GB, Free DOS, G3 ARH-21EK0024KR","1,199,000",5.0,3
"힐링쉴드 노트북 올레포빅 Light 액정보호필름 세트 LG 울트라 PC 엣지 16U70R 16UD70R, 1세트","17,520",5.0,4
"HP 2024 오멘 16 코어i5 인텔 14세대 지포스 RTX 4060, Shadow Black, 1TB, 32GB, WIN11 Home, 16-wf1038TX","1,995,780",4.5,5
"레노버 2021 씽크패드 E15 G3 15.6, Black, 라이젠7, 256GB, 16GB, WIN10 Home, 20YJ0002KR","803,140",5.0,4
"탐사 고급형 접이식 알루미늄 노트북 거치대 (휴대용 파우치 포함), 티타늄 블랙","12,690",4.5,864
"삼성전자 2023 갤럭시북3 360 15.6 코어i5 인텔 13세대 Iris Xe, 미스틱 실버, 512GB, 16GB, WIN11 Home, NT750QFT-A51A","1,399,000",5.0,413
"HP 2023 노트북 17 코어i5 인텔 13세대, Natural Silver, 256GB, 8GB, Free DOS, 17-cn3017TU","714,720",5.0,5
"레노버 2024 LOQ 15IAX9I 코어i5 인텔 12세대 아크 A530M, Luna Grey, 512GB, 16GB, WIN11 Home, 83FQ000JKR","1,099,000",4.0,7
"삼성전자 갤럭시북4 프로 360 16인치 인텔 코어 울트라5 터치 디스플레이 WQXGA+ 태블릿 2in1 S펜 사무용 업무용 AI OLED 노트북, 갤럭시북 360, WIN11 Home, 16GB, 512GB, 문스톤 그레이","1,849,000",5.0,111
"레노버 2024 아이디어패드 슬림 3 15ABR8 라이젠5 라이젠 7000 시리즈, ARCTIC GREY, 512GB, 16GB, Free DOS, 82XM00ELKR","998,000",5.0,4
"HP 2024 노트북 15 코어i5 인텔 14세대, Ceramic White, 512GB, 16GB, Free DOS, 15-fd1027TU","959,000",4.0,7
"레노버 2023 씽크북 16 G6 IRL 코어i5 인텔 13세대, 혼합색상, 256GB, 8GB, Free DOS, 21KH007HKR","1,269,000",5.0,21
"[당일출고] MSI Pulse 17 B13VGK-i9 QHD, Pulse 17 B13VGK, WIN11 Home, 32GB, 2TB, Grey","2,249,000",5.0,1
"레노버 2023 리전 7i 프로 16IRX 16 코어i9 인텔 13세대 지포스 RTX 4080, ONYX GREY, 2TB, 32GB, WIN11 Home, 82WQ001UKR","3,879,000",5.0,47
"HP 2023 노트북 15 라이젠5 라이젠 7000 시리즈, Natural Silver, 512GB, 16GB, WIN11 Home, 15-fc0072AU","985,000",5.0,936
"기가바이트 2024 G6X 16 코어i7 인텔 13세대 지포스 RTX 4060, Gunmetal Gray, 1TB, 16GB, WIN11 Home, G6X 9KG-43KRH","1,749,000",5.0,1
"HP 2023 오멘 16 코어i5 인텔 13세대 지포스 RTX 4060, Shadow Black, 1536GB, 32GB, WIN11 Home, 16-wf0156tx","2,119,000",4.5,336
"에이수스 2022 비보북 프로 16X OLED 코어i9 인텔 12세대 지포스 RTX 3060, 쿨 실버, 512GB, 16GB, Free DOS, N7601ZM-MQ012","1,689,000",4.5,15
"레노버 2022 씽크패드 X1 카본 Gen 10 14 코어i7 인텔 12세대, 블랙, 512GB, 32GB, WIN11 Pro, 21CBS00200","2,230,030",5.0,33
"레노버 2023 씽크북 16 G6 ABP 라이젠5 라이젠 7000 시리즈, 256GB, 32GB, Free DOS, 21KK004NKR","1,199,000",4.5,24
"에이수스 2024 젠북 듀오 14 코어Ultra7 인텔 14세대, 잉크웰 그레이, 1TB, 16GB, WIN11 Home, UX8406MA-QL149W","2,449,000",5.0,1
"레노버 2023 V15 G4 AMN 15.6 라이젠3 라이젠 7000 시리즈, Arctic Grey, 256GB, 8GB, Free DOS, 82YU000CKR","829,610",4.5,8
