status,title,ap_num,application_date,applicant,representative,final_owner,priority_date,international_filing_date,summary
등록,"갱신 영역 학습을 통한 인공지능 기반의 영상 분석 시스템 및 방법과, 이를 위한 컴퓨터 프로그램(SYSTEM AND METHOD FOR ANALYZING IMAGE BASED ON ARTIFICIAL INTELLIGENCE THROUGH LEARNING OF UPDATED AREAS AND COMPUTER PROGRAM FOR THE SAME)",1020200124561,20200925,정안수,한강특허법인,정안수,,,"인공지능(Artificial Intelligence; AI) 기반의 영상 분석 시스템은, 미리 라벨링된 객체를 포함하는 하나 이상의 학습 이미지, 및 분석 대상 이미지를 포함하는 입력 이미지를 수신하도록 구성된 입력 모듈; 상기 하나 이상의 학습 이미지를 이용한 머신러닝(machine learning) 기반의 학습을 통해 분석 모델을 생성하고, 생성된 상기 분석 모델을 이용하여, 상기 분석 대상 이미지 내의 상기 객체에 대한 탐지 결과를 생성하도록 구성된 머신러닝 모듈; 및 상기 분석 대상 이미지 내의 상기 객체에 대한 탐지 결과를 출력하도록 구성된 출력 모듈을 포함한다. 상기 머신러닝 모듈은, 상기 분석 모델을 이용하여 상기 분석 대상 이미지에서 상기 객체에 연관된 갱신이 예측되는 관심 영역을 결정하고, 상기 관심 영역을 결정할 때에 비해 분석 심도를 증가시킨 분석을 통하여 상기 관심 영역 내의 상기 객체에 대한 탐지 결과를 생성함으로써, 객체 인식의 정확도를 높이고 특정 객체 탐지와 같은 이벤트 발생에 즉각적으로 대응할 수 있도록 구성된다."
등록,"인공지능(Artificial Intelligence, AI) 알고리즘 수행 방법, 인공지능 알고리즘 수행 장치 및 인공지능 알고리즘 수행하는 소프트웨어를 저장하는 저장매체(METHOD OF OPERATING ARTIFICIAL INTELLIGENCE ALGORITHMS, APPARATUS FOR OPERATING ARTIFICIAL INTELLIGENCE ALGORITHMS AND STORAGE MEDIUM FOR STORING A SOFTWARE OPERATING ARTIFICIAL INTELLIGENCE ALGORITHMS)",1020200165605,20201201,한국과학기술정보연구원,특허법인(유한)케이비케이,한국과학기술정보연구원,,,"개시한 실시예들은 인공지능(Artificial Intelligence, AI) 알고리즘 수행 방법, 인공지능 알고리즘 수행 장치 및 인공지능 알고리즘 수행하는 소프트웨어를 저장하는 저장매체에 관한 것이다. 일 실시예에 따르면 이진 레이블(label) 데이터의 이진 레이블 분포를 검출하는 클래스(class) 분포 검출부; 상기 검출한 이진 레이블 분포에 따라 상기 데이터를 분류하고 상기 분류된 데이터를 상기 이진 레이블 분포에 따라 처리하는 레이블 분포 처리부; 및 상기 레이블 분포 처리부가 처리한 데이터의 상기 레이블 분포에 따라 선택한 인공지능 알고리즘들을 이용해 상기 레이블 분포 처리부가 처리한 데이터를 각각 학습하는 학습 처리부;를 포함하는 인공지능 알고리즘 수행 장치를 제공한다."
등록,"머신러닝 기반 인공지능 모델 학습, 개발, 배포 및 운영 시스템과 이를 이용한 서비스 방법(MACHINE LEARNING BASED ARTIFICIAL INTELLIGENCE MODEL LEARNING, DEVELOPMENT, DEPLOYMENT AND OPERATION SYSTEM SERVICE METHOD USING THE SAME)",1020200164624,20201130,주식회사 애자일소다,우광제,주식회사 애자일소다,,,"머신러닝 기반 인공지능 모델 학습, 개발, 배포 및 운영 시스템과 이를 이용한 서비스 방법을 개시한다. 본 발명은 기업의 인공지능 분석가들이 개인별, 프로젝트별 세팅이 가능하여 개인 맞춤형으로 분석환경을 구축할 수 있고, 포탈 솔루션으로 포털 형식을 취함으로써 다양한 오픈 소스 분석툴 및 언어를 선택적으로 활용할 수 있으며, 다양한 툴의 활용을 통해 유연하고 확장성이 높은 장점이 있다."
취하,인공지능 돌봄 서비스 시스템(An AI Care Service System),1020200071313,20200612,주식회사 에프램,,,,,"Capacitive Sensor Array Mat(602) 장치의 감지 Pattern Data와 Actuator (604) 장치의 제어 신호를 전달하기 위해 Interface 회로부 (606)가 연결된다. Interface 회로부 (606)에 전달된 신호는 무선 혹은 유선 통신부 (608)에 의해 인터넷망에 연결된다. 무선 혹은 유선 통신부 (608)에 의해 전달된 신호는 Internet Cloud 저장 시스템 (610)에 저장하여 감지 Pattern Data를 축적하게 된다. Body Pattern 분석 시스템 (612)은 Internet Cloud 저장 시스템 (610)에 축적된 감지 Pattern Data를 시간, 자세, 위치 등을 기초로 분석하게 된다. Body Pattern 분석 시스템 (612)은 축적된 감지 Pattern Data인 Big Data를 기반으로 머신 러닝 (Machine Learning)과 딥 러닝 (Deep Learning) 같은 인공지능(AI(Artificial Intelligence)) 분석 기법을 적용하는 것을 포함한다. 서비스 시스템 (614)은 Body Pattern 분석 시스템 (612)에서 분석된 특정 Pattern Data를 사용자가 활용할 수 있는 서비스를 제공한다. 서비스 시스템 (614)은 휴대폰, PC, Tablet PC 등의 유무선 단말기 장치를 포함한다. 인공지능 AI(Artificial Intelligence) 돌봄의 장소는 병원, 호텔, 주거시설, 각종 사무실, 기타 건축 시설, 공장, 농장 등 모든 곳을 포함하고, 대상으로써 인간, 애완 동물, 가축, 야생 동물, 수산 생물, 식물 등의 각종 동식물 생명체와 혹은 기계 장치 등의 비생명 제어 장치도 포함한다."
공개,인공지능 학습용 이미지 인식 데이터 품질관리를 활용한 자동화된 머신러닝 시스템(Automated machine learning system using image recognition data quality management for artificial intelligence learning),1020220140941,20221028,(주) 경성테크놀러지,박명흠,,,,"본 발명은 인공지능 학습용 이미지 인식 데이터 품질관리를 활용한 자동화된 머신러닝 시스템에 관한 것이다. 보다 상세하게는, 임무정의부에서 인공지능의 학습용 데이터의 구출 유형과 수량을 정의하면, 자동으로 학습용 데이터를 수집, 정제 및 가공할 수 있으며, 학습용 데이터에 맞는 인공지능 학습모델을 추천할 수 있는 인공지능 학습용 이미지 인식 데이터 품질관리를 활용한 자동화된 머신러닝 시스템에 관한 것이다. 이를 위해 본 발명은 인공지능이 학습하기 위한 데이터를 수집, 정제, 가공, 검수를 통하여 생성할 수 있는 인공지능학습용데이터생성모듈; 인공지능학습용데이터생성모듈에서 수집 및 생성한 데이터를 저장할 수 있는 데이터베이스모듈; 및 수집된 데이터를 활용하여 학습할 수 있는 최적의 인공지능 모듈을 생성할 수 있는 최적인공지능모듈생성모듈을 포함하는 인공지능 학습용 이미지 인식 데이터 품질관리를 활용한 자동화된 머신러닝 시스템을 제공한다."
등록,"인공지능을 이용한 이미지의 얼굴 및 머리카락 교체 방법 및 이를 실행하기 위하여 기록매체에 기록된 컴퓨터 프로그램(Method for swap face and hair of image using artificial intelligence, and computer program recorded on record-medium for executing method thereof)",1020230102859,20230807,주식회사 인피닉,정두승,주식회사 인피닉,,,"본 발명은 인공지능 모델을 통해 교체 대상이 되는 소스 이미지로부터 추출된 머리카락 및 얼굴에 대한 특징을 교체를 위해 기초가 되는 타겟 이미지에 적용하기 위한, 인공지능을 이용한 이미지의 얼굴 및 머리카락 교체 방법을 제안한다. 상기 방법은 데이터 생성 장치가, 교체 대상이 되는 소스 이미지(source image) 및 교체를 위해 기초가 되는 타겟 이미지(target image)를 입력 받는 단계, 상기 데이터 생성 장치가, 상기 소스 이미지 및 상기 타겟 이미지로부터 특징 텐서(feature tensor)를 추출하는 단계, 상기 데이터 생성 장치가, 사전 기계 학습(machine learning)된 인공지능(Artificial Intelligence, AI) 모델을 통해 상기 소스 이미지로부터 추출된 머리카락 및 얼굴에 대한 특징 텐서를 상기 타겟 이미지에 적용한 교체 이미지를 생성하는 단계를 포함할 수 있다."
등록,인공지능(AI)을 이용한 공동주택 건축물의 출입문 방범시스템(Door security system for apartment buildings using artificial intelligence(AI)),1020230069431,20230530,주식회사 영화키스톤건축사사무소,이범호,주식회사 영화키스톤건축사사무소,,,"본 발명은 인공지능(AI)을 이용한 공동주택 건축물의 출입문 방범시스템에 관한 것으로, 보다 상세하게는 인공지능을 이용하여 출입문 전방에서의 객체 분석을 통해 범죄 흔적을 인식하고 즉시 경고함으로써 범죄 발생을 사전에 예방하고, 출입문을 통한 주거 침입을 막아 방범 기능을 강화시키도록 개선된 인공지능(AI)을 이용한 공동주택 건축물의 출입문 방범시스템에 관한 것이다."
공개,자동 머신러닝 기반 복합 환경 분석 인공지능 모델 자동 배포 관리 시스템 및 그 운영 방법(Automatic machine learning-based complex environment analysis artificial intelligence model automatic distribution management system and its operation method),1020210162479,20211123,유엔젤주식회사,특허법인명인,,,,"본 발명은 자동 머신러닝 기반 복합 환경 분석 인공지능 모델 자동 배포 관리 시스템 및 그 운영 방법에 관한 것으로, 본 발명에 따른 방법은 복합 센서 모듈에서 수집되는 센서 데이터 유형 정보 및 복합 센서 모듈이 설치된 장소 유형 정보를 입력받는 단계, 복합 센서 모듈에서 설치 초기에 수집되는 센서 데이터 및 복합 센서 모듈이 설치된 장소와 동일 유형의 장소에 설치된 복합 센서 모듈에서 과거에 수집된 센서 데이터를 이용하여 훈련 데이터를 구축하는 단계, 훈련 데이터를 기초로 환경 정보 예측에 적합한 인공지능 모델 구조를 탐색하고, 탐색된 인공지능 모델 구조에 하이퍼 파라미터를 설정하여 인공지능 모델을 생성하는 단계, 생성된 인공지능 모델을 구축된 학습 데이터로 훈련하는 단계, 및 훈련된 인공지능 모델을 상기 복합 센서 모듈에 배포하는 단계를 포함한다. 본 발명에 의하면 설치 환경에 맞는 인공지능 분석 모델을 자동 머신러닝 기반을 생성하여 복합 센서 모듈에 자동 배포 관리할 수 있다."
공개,인공지능 학습 효과 저하를 개선하는 개인정보 비식별 처리 방법 및 이를 실행하기 위하여 기록매체에 기록된 컴퓨터 프로그램(A method for de-identifying personal information that improves the degradation of artificial intelligence learning effects and a computer program recorded on a recording medium to execute the method.),1020210136623,20211014,주식회사 인피닉,정두승,,,,"본 발명은 자율주행에 사용될 수 있는 인공지능(Artificial Intelligence, AI)을 기계 학습(machine learning)시키기 위한 데이터를 수집하는 방법을 제안한다. 상기 방법은 학습 데이터 수집 장치가, 차량에 설치된 카메라(camera)에 의해 획득된 2D 이미지를 수집하는 단계; 상기 학습 데이터 수집 장치가, 상기 2D 이미지에 포함된 객체를 식별하는 단계; 상기 학습 데이터 수집 장치가, 상기 식별된 객체의 유형에 대응하여 상기 2D 이미지의 일부를 비식별(de-identify) 처리하는 단계를 포함하되, 상기 비식별 처리 단계는, 객체의 유형에 따라 블러링(blurring) 또는 딥페이크(deep-fake)를 선택적으로 적용하여 객체에 대한 비식별 처리를 수행하여 인공지능 학습 효과를 저하를 개선할 수 있다."
공개,인공지능형 모빌리티 디바이스 제어 방법 및 인공지능형 모빌리티를 제어하는 지능형 컴퓨팅 디바이스(Artificial Intelligence Mobility Device Control Method and Intelligent Computing Device Controlling AI Mobility),1020190174472,20191224,엘지전자 주식회사,특허법인로얄,,,,"본 명세서의 인공지능형 모빌리티 디바이스를 제어하는 방법은 운전자의 기본 정보를 획득하고, 상기 운전자의 기본 정보에 기초하여 주행 단계를 설정하는 단계; 상기 주행 단계에 기반하고, 상기 운전자가 주행하는 동안 상기 운전자의 운행 정보를 획득하는 단계; 상기 운전자의 운행 정보에 기초하여 상기 운전자의 숙련 상태를 판단하는 단계; 상기 운전자의 숙련 상태에 대응되는 도로 정보를 적용하는 단계; 및 상기 도로 정보에 기초하여 주행하는 상기 운전자의 숙련 상태가 미리 정해진 기준보다 낮은 것으로 판단한 경우, 경고를 출력하고, 상기 경고에 따라 상기 인공지능형 모빌리티 디바이스를 제어하는 단계;를 포함한다. 본 명세서의 AI 모빌리티, 사용자 단말기 및 서버 중 하나 이상이 인공지능(Artificial Intelligence) 모듈, 드론 (Unmmanned Aerial Vehicle, UAV) 로봇, 증강 현실 (Augmented Reality, AR) 장치, 가상 현실(Virtual reality, VR) 장치, 5G 서비스와 관련된 장치 등과 연계될 수 있다."
등록,인공지능(AI) 기반 비대면 QSC 점검 솔루션 시스템(Artificial Intelligence (AI)-based untact QSC inspection solution system),1020200117635,20200914,주식회사 에이브로스,이재철,주식회사 에이브로스,,,"본 발명은 주방에서 조리에 이용되는 각종 조리도구에 대하여 열화상 카메라를 통해 화구의 불 사용 방식, 화구 위의 팬, 웍의 온도감지, 재료투입 후의 온도변화, 조리사의 움직임 및 재료의 적합성 등의 데이터를 회득하고, 분석하여 이를 통해 정형화된 레시피가 존재하는 프랜차이즈 매장에서 레시피에 맞는 조리패턴으로 조리를 할 수 있도록 하여 최적화된 레시피의 음식을 제공할 수 있는 인공지능(AI) 기반 비대면 QSC 점검 솔루션 시스템에 관한 것으로, 음식을 조리하는데 필요한 화력을 제공하는 화구와 조리기구를 포함하는 주방조리기(200); 열화상 카메라를 포함하며, 상기 주방조리기(200)에서 조리되는 음식에 대하여 조리음식과 조리음식의 인분이 선택되어 조리가 시작되면 해당 음식의 조리온도와 조리시간을 포함하는 조리패턴에 대한 조리 타이밍을 열화상 카메라로 촬영하고, 시간을 측정하며, 조리패턴 분석서버(400)로 보고하는 하는 조리패턴 측정장치(300); 및 상기 조리패턴 측정장치(300)에서 측정된 조리패턴 데이터를 전송받아 상기 측정된 조리패턴 데이터에 해당하는 조리음식에 대하여 미리 저장된 음식별 매장 레시피에 해당되는 음식별 조리패턴 데이터와 비교하고, 상기 측정된 조리패턴 데이터와 상기 음식별 조리패턴 데이터의 비교결과에 따른 조리패턴 솔루션을 상기 조리패턴 측정장치(300)와 상기 조리패턴 측정장치(300)가 측정한 주방조리기(200)를 이용한 조리사의 스마트폰으로 전송하는 조리패턴 분석서버(400);를 포함하여 구성됨을 특징으로 한다."
공개,청소 시기 예측이 가능한 커피 로스팅용 인공지능(AI) 전기 집진 장치(Artificial Intelligence (AI) electrical dust collector for coffee roasting that can predict the timing of cleaning),1020210121817,20210913,이아이씨티주식회사,특허법인 태웅,,,,"본 발명은 인공지능(AI) 기반의 기계학습을 통해 집진 장치에 대한 청소 시기를 예측하여 사용자에게 적절한 청소 시기를 안내함으로써 집진 장치의 성능 저하를 미연에 방지할 수 있을 뿐 아니라, 집진 장치 본연의 기능 및 효율성을 극대화할 수 있는 청소 시기 예측이 가능한 커피 로스팅용 전기 집진 장치에 관한 것으로, 보다 상세하게는 유입구와 배출구 및 상기 유입구로부터 유입된 공기를 정화시켜 상기 배출구로 배출되게 하는 하나 이상의 전기 집진모듈을 포함하는 전기 집진 장치에 있어서, 상기 배출구를 통해 배출되는 정화 공기 중에 포함된 미세먼지 농도와 상기 유입구 및 배출구 간의 압력차를 계측 및 수집하고, 수집된 미세먼지 농도와 압력차 간의 상관관계를 기계학습으로 도출하며, 도출된 상관관계를 기반으로 계측된 압력차의 상태 변화에 따라 배출측 미세먼지 농도를 추정하여 상기 집진모듈의 청소시기를 판단 및 표시하는 것이 특징이다."
등록,역 해석 기능을 갖는 인공지능(AI) 기반 지능형 구조설계 방법(Development of novel structural design method based on AI networks having reverse analysis technique),1020200108431,20200827,경희대학교 산학협력단,기림특허법인,경희대학교 산학협력단,,,"본 발명은 역 해석 기능을 갖는 AI(Artificial Intelligence) 기반 지능형 구조설계에 관한 것으로, 더욱 상세하게는 Big data 와 AI 기반의 신경망 네트워크를 개발하여 인프라 구조물의 설계 및 시공 시 최적의 설계를 정확하고 빠르게 수행할 수 있는 역 해석 기능을 갖는 AI 기반 지능형 구조설계 방법에 관한 것으로, 본 발명은 상부 콘크리트, 철근을 포함하는 구조 부재의 변형율을 설정하는 단계, 하부 콘크리트, 철근을 포함하는 구조 부재의 변형율을 설정하는 단계, 상기 상부 콘크리트, 철근을 포함하는 구조 부재의 변형율을 증가시키는 단계, 상기 하부 콘크리트, 철근을 포함하는 구조 부재의 변형율을 증가시키는 단계, 상기 콘크리트, 철근을 포함하는 구조 부재의 변형 적합성과, 탄성, 비탄성 구조해석을 통해 콘크리트, 철근을 포함하는 구조 부재의 인장, 압축력을 계산하는 단계, 상기 콘크리트, 철근을 포함하는 구조 부재의 압축과 인장력의 중심축에 대한 모멘트를 각각 계산하는 단계 및 상기 콘크리트, 철근을 포함하는 구조 부재에 대한 압축과 인장력이 일치 하는 중립축을 산정하되, 압축과 인장력이 일치 하는 중립축이 존재하지 않으면, 하부변형율과, 상부 변형율을 체크하여 압축과 인장력이 일치 하는 중립축을 재설정하고, 상기 콘크리트, 철근을 포함하는 구조 부재에 대한 중립축이 존재한다면, 일치된 모멘트 강도(Mn), 중립축을 계산하고, 콘크리트, 철근을 포함하는 구조 부재의 변형율을 계산하고, 계산된 결과가 인공지능(AI) 알고리즘의 입력값으로 전달되는 단계를 포함하며, 상기 입력값을 Autobeam 이라는 구조계산 프로그램을 사용하여 필요한 양만큼의 인공지능(AI) 빅데이터를 생성하는 것을 특징으로 하는 역 해석 기능을 갖는 인공지능(AI) 기반 지능형 구조설계 방법을 제공한다."
등록,인공지능(AI)을 이용한 공동주택 전기 통합 관리 시스템(Integrated apartment electricity management system using artificial intelligence (AI)),1020230192869,20231227,주식회사 대한기술단,이범호,주식회사 대한기술단,,,"본 발명은 배전선로인 케이블을 통해 공동주택에 공급되는 전기를 인공지능(AI)을 이용하여 관리하도록 된 통합 관리 시스템으로서, 공동주택에 연결되어 고정되는 관리안내연결패널과, 상기 공동주택에 체결된 상기 관리안내연결패널의 전면부에 일단이 연결되어 고정되는 지지가이드패널과, 상기 관리안내연결패널에 체결된 가이드지지패널의 상면에 연결되어 고정되고, 상기 케이블이 관통되게 끼움되는 간격유지안내관과, 상기 지지가이드패널에 체결된 상기 간격유지안내관에 연결되어 고정되며, 상기 케이블의 상태를 감지하는 안전감지부와, 상기 관리안내연결패널에 연결되어 고정되며, 상기 안전감지부의 감지신호를 전달받는 관리제어부와, 상기 관리안내연결패널에 연결되어 고정되며, 상기 관리제어부의 감지신호를 전달받아 송출하는 송,수신기로 이루어져, 공동주택에 전원를 공급하는 전기배선인 케이블의 이상유무를 감지하고, 관리제어부의 제어에 의해 감지신호를 송출하도록 함으로써, 케이블의 손상 및 누전이나 화재에 따른 안전사고를 미연에 방지하고 케이블의 손상 및 안전사고에 따른 유지보수비용이 과도하게 발생되는 것을 방지하게 되는 효과가 있다."
취하,인공지능 모델 관리 방법 및 장치(ARTIFICIAL INTELLIGENCE MODEL MANAGING METHOD AND APPARATUS THEREFOR),1020190142478,20191108,엘지전자 주식회사,특허법인 남앤남,,,,"탑재된 인공지능(artificial intelligence, AI) 알고리즘 및/또는 기계학습(machine learning) 알고리즘을 실행하여, 5G 통신 환경에서 사이트와, 인공지능 모델 관리 장치와 서버가 통신할 수 있는 인공지능 모델 관리 방법 및 장치가 개시된다. 본 발명의 일 실시 예에 따른 인공지능 모델 관리 방법은, m개의 대표 인공지능 모델과 각각의 대표 인공지능 모델에 적용할 가중치 데이터를 포함하는 앙상블 모델을 구축하는 단계와, 복수의 사이트 중 제1 사이트로부터 취합한 디바이스의 운전 데이터 중 랜덤 샘플링한 사이트 데이터를 앙상블 모델의 입력 데이터로 하고, 앙상블 모델에서 출력되는 앙상블 추정 데이터 및 레이블된 앙상블 타겟 데이터 사이의 오차가 기설정된 값 이하가 되도록 앙상블 모델을 학습하는 단계와, 학습이 완료된 앙상블 모델에서 결정된 각각의 대표 인공지능 모델에 적용할 가중치 데이터를 제1 사이트로 배포하는 단계를 포함할 수 있다. 본 실시 예에 의하면, 앙상블 모델을 이용하여 전체 사이트의 인공지능 모델을 관리함으로써, 사이트 별로 서로 다른 인공지능 모델들을 일일이 관리할 필요가 없게 되어, 데이터 수집 및 분석, 그리고 인공지능 모델 학습에 소요되는 비용과 시간을 줄일 수 있다."
등록,재고량 검출 시스템을 이용한 인공지능(AI) 통합 생산관리시스템 및 그를 이용한 통합 생산관리방법(Artificial intelligence(AI) integrated production management system using inventory detection system and integrated production management method using the same),1020210178638,20211214,이수행,서일호,이수행,,,"본 발명은, 재고량 검출 및 제어 시스템을 활용한 AI 통합 생산관리 시스템으로 원료의 입고, 제품의 공정이동, 제품 생산 제품 출하, 영업소 및 하치장, 고객사까지의 일련의 데이터를 빅데이터화 하여 분석하며, 일련의 패턴 정보를 산출해 생산공정 및 생산관리에 실시간 적용하고, 시계열 데이터(RealTime 데이터)를 관리하여 시간이 경과 될수록 작업자의 행동을 학습하는 시스템으로 진화하여 관리자의 현장 작업을 지원하고, 긴급 상황 발생시 생산을 스스로 제어할수 있는 시스템으로 사용할수 있는 재고량 검출 시스템을 이용한 AI 통합 생산관리시스템 및 그를 이용한 통합 생산관리방법에 관한 것이다. 이와 같은 본 발명은 본 발명은 차량의 무게를 감지하는 입차스케일러, 출차 차량의 무게를 감지하는 출차 스케일러로 구성되는 트럭스케일과, 곡물이나 사료 또는 비료를 포함하는 원료가 저장되는 복수의 원료저장탱크와, 원료가 분쇄, 배합, 성형 및 포장된 후의 제품을 이송하는.원료0026#제품 이송설비와, 복수의 원료저장탱크의 재고량을 각각 검출하는 복수의 재고량 검출 시스템으로 구성되는 플랜트 설비들(Part); 상기 원료저장탱크와 재고량 검출 시스템의 설비 데이터를 수집하고, 제어하는 복수의 설비데이터 수집장치(DAQ)와 제어시스템(PLC)과, 상기 원료저장탱크의 재고량을 검출하는 복수의 재고량 검출 시스템과, 차량인식카메라로 구성되는 측정 제어하드웨어들(Part); 원료의 입고와 제품의 출하를 실시간 모니터링하고, 원료의 이송을 자동화하며, 원료의 입고, 제품의 공정이동, 제품 생산 제품 출하와 관련하여 인공지능으로 생산관리를 수행하고, 원료의 분쇄, 배합, 성형 및 포장을 하는 생산설비를 관리하며, 이상원인분석을 수행하고, 3차원(3D) 센서를 통해 무인 재고를 수행하며, 원료나 제품 운송차량의 자동배차를 수행하고, 창고내의 곡물이나 사료를 관리하며, 하치장의 재고현황을 파악하고, 원격 거래처의 사료 재고량을 실시간 측정하며, 자동주문 발주 및 원료나 재고의 소진을 예측하는 복수의 시스템들(Part); 원격지에서 생산관리와 비상상태에 대한 원격제어 관리를 수행하는 통합원격제어 및 모니터링 센터; 상기 복수의 재고량 검출 시스템, 상기 설비데이터 수집장치(DAQ)와 제어시스템(PLC)과 연계하여 실시간으로 제품 생산을 분석하는 실시간 데이터 서버; 및 통신망을 통해 상기 플랜트 설비들(Part)과, 측정 제어하드웨어들(Part)과, 복수의 시스템들(Part)과 상기 통합원격제어 및 모니터링 센터 및 실시간 데이터 서버와 연계하여 원료의 입고, 제품의 공정이동, 제품 생산 제품 출하, 영업소 및 하치장, 고객사까지의 일련의 데이터를 빅데이터화 하여 분석하고, 일련의 패턴 정보를 산출해 생산공정 및 생산관리에 실시간 적용하며, 시계열 데이터(RealTime 데이터)를 관리하여 시간이 경함에 따라 축적되는 빅데이터를 통해 작업자의 행동을 학습하여 관리자의 현장 작업을 지원하고, 긴급 상황 발생시 생산을 스스로 제어하는 AI 통합 생산관리 서버;를 포함하여 구성됨을 특징으로 하는 재고량 검출 시스템을 이용한 인공지능(AI) 통합 생산관리시스템을 제공한다."
등록,AI 비전문가를 위한 소프트웨어 정의 제조 기반의 머신러닝 플랫폼 시스템(MACHINE LEARNING PLATFORM SYSTEM BASED ON SOFTWARE-DEFINED MANUFACTURING FOR AI NON-TECHNICAL),1020230123871,20230918,(주) 웨다,양성보,(주) 웨다,,,"AI 비전문가를 위한 소프트웨어 정의 제조 기반의 머신러닝 플랫폼 시스템이 개시된다. 소프트웨어 정의 제조 기반의 머신러닝 플랫폼 시스템은, 제품을 생산하는 제조 공정을 소프트웨어로 정의하여 가상화하고 생산 프로세스와 인공지능(AI) 모듈을 노코드(no-code) 방식으로 정의하는 플랫폼을 제공하고, 상기 플랫폼을 통해 상기 제조 공정과 관련된 기능으로 구성된 모듈을 DAG(Directed Acyclic Graph) 형태로 연결하여 소프트웨어 정의 기반의 제조 환경을 구성할 수 있다."
공개,AI를 이용한 실시간 인공지능 신호등 시스템(Real-time artificial intelligence traffic light system using AI),1020220107524,20220826,동서대학교 산학협력단,김석계,,,,"본발명은 AI를 이용한 실시간 인공지능 신호등 시스템에 관한 것으로, AI모듈을 통해 영상인식으로 교차로 근처에 차량을 인식하고 측정하여 혼잡 여부를 판단하고 신호등을 제어하는 것을 특징으로 한다. 또한, 상기 교차로가 사거리, 삼거리 교차로일 경우, 차량인식 후 교차로의 차량 수를 세어 기존의 정해둔 기준치보다 초과할 경우, 제어부는 신호의 시간을 유동적으로 늘리며, 기준치보다 미만일 경우엔 기존의 신호체계에 따르며, 다음 교차로 넘어가게 하는 것으로, 따라서 본발명은 AI모듈을 통해 영상인식으로 교차로 근처에 차량을 인식하고 측정하여 혼잡 여부를 판단하고 신호등을 제어하여 교통을 원활히 하고 차량과 사람들의 통행에 불편이 없게 하는 현저한 효과가 있다."
등록,AI 인공지능 스피커를 이용한 홈 네트워킹 시스템(Home networking system using AI artificial intelligence speaker),1020230025245,20230224,김남영,강태규,김남영,,,"본 발명은 AI 인공지능 스피커 및 새대 내에 설치되는 각종 IoT 장치 등을 이용하여 홈 네트워킹을 구축할 수 있도록 구현한 AI 인공지능 스피커를 이용한 홈 네트워킹 시스템에 관한 것으로, 세대 내에 무선 네트워크 구축을 위해 설치되는 무선 공유기; 사용자로부터 음성 명령을 입력받기 위해 설치되는 인공지능 스피커; 및 상기 인공지능 스피커 및 상기 무선 공유기부터 수신된 데이터를 처리하고, 상기 세대 내 IoT 장치의 동작을 제어하는 제어 신호를 상기 인공지능 스피커 또는 IoT 장치로 전송하는 IoT 시스템 구축 서버;를 포함한다."
등록,IC 칩을 적용한 스마트 결제기능을 가지는 인공지능(AI)형 전자 태권도 단증 시스템(Artificial intelligence (AI) type electronic taekwondo training system with smart payment function applied with IC chip),1020230023276,20230222,주식회사 케이앤티미디어랩,전현철,주식회사 케이앤티미디어랩,,,"본 발명은 IC 칩을 적용한 스마트 결제기능을 가지는 인공지능(AI)형 전자 태권도 단증 시스템에 관한 것으로, 사용자의 태권도 유단자 급/품/단에 따른 정보를 포함하는 전자 태권도 단증 정보를 수신받아 출력하거나 현재 급/품/단 정보와 함께 다음 심사 예정 정보를 출력하여 제공하며, 외부 결제기기가 인식하여 결제가 처리되도록 바코드 또는 QR 코드에 해당되는 결제정보를 출력하는 결제기능을 포함하는 사용자 단말기; 상기 사용자 단말기로 유단자 급/품/단에 정보와 심사 예정 정보를 실시간으로 제공하기 위하여 사용자의 현재 유단자 급/품/단과 심사 예정 정보를 저장 및 관리하며, 상기 외부 결제기기가 인식하여 결제 처리가 가능한 결제정보를 제공하기 위하여 상기 사용자 단말기로부터 결제정보가 요청되면 이를 결제 기관으로 요청한 후 결제 기관에서 승인된 결제정보를 상기 사용자 단말기로 제공하는 전자단증 운영 서버; 상기 전자단증 운영 서버로부터 결제정보가 요청되면 사전에 등록된 상기 사용자의 보호자 또는 법정대리인으로 결제정보 승인 여부를 결정한 후 승인 완료 시 상기 결제정보를 제공하여 외부 결제기기를 통해 결제가 완료되도록 결제를 처리하는 결제 운영 서버; 상기 결제 운영 서버로부터 결제정보 승인 요청이 발생되면 이에 따른 승인 여부를 결정하는 보호자 단말기; 및 상기 전자단증 운영 서버로 광고를 요청하여 상기 사용자 단말기에서 출력되는 전자 태권도 단증으로 해당 광고가 출력되도록 광고정보를 제공하고 이에 따른 광고료를 결제하는 광고주 단말기;를 포함하여 구성된다."
거절,인공지능(AI)을 적용한 신선도 예측 기반의 식재료 및 음식의 온라인 판매중계 시스템 및 방법(Online sales relaying system and method of ingredients and foods based on freshness prediction using Artificial Intelligence(AI)),1020210063745,20210518,문성철,,,,,"본 발명은 인공지능(AI)을 적용한 신선도 예측 기반의 식재료 및 음식의 온라인 판매중계 시스템 및 방법에 관한 것이다. 본 발명은 식재료 업체의 식재료 정보(신선도 분류 이미지를 포함할 수 있다) 및 해당 결제 정보를 온라인 마켓에 등록하는 식재료 업체 단말, 또는 음식점의 음식 정보(신선도 분류 이미지를 포함할 수 있다), 및 해당 결제 정보를 온라인 마켓에 등록하는 음식점 단말, 식재료와 음식의 신선도 분류 이미지를 학습하고 신선도 예측 또는 특이점 예측을 하여 판매 및 구매에 참조하도록 할 수 있는 온라인 마켓 서버, 및 신선도 예측 또는 특이점 예측을 통해 식재료와 음식을 비교, 선택, 구매 및 정산할 수 있도록 구매자의 온라인 구매를 지원하는 구매자 단말을 포함한다. 본 발명은 인공지능을 적용한 신선도 예측 기반의 식재료 및 음식의 온라인 판매중계 시스템 및 방법을 통해 판매와 구매의 지원, 특이상황 대응 또는 신선도 저하시 가격할인으로 판매자와 구매자간 상호신뢰를 구축하고 판매와 구매의 편의 및 의욕을 증진시킨다."
거절,AI 기반 패션 분석 엔진에 의한 인공지능 데이터셋 제작 방법(Artificial intelligence data set production method using AI-based fashion analysis engine),1020200149642,20201110,동서대학교 산학협력단,김석계,,,,"본발명은 AI 기반 패션 분석 엔진에 의한 인공지능 데이터셋 제작 방법에 관한 것으로, Semantic segmentation을 통해 의류 영상을 여러 상품으로 pixel단위로 분리해 내는 단계; Semantic segmentation이후 각 상품 단위로 본래 이미지를 잘라내는 기법(image cropping)을 적용하여 이를 Attribute Recognition 엔진에 inference 하는 단계;를 포함하는 것으로 본발명은 Segmentation 엔진을 학습하기 위해 기존에는 사람이 작업했던 polygon data 가공 단계에 반자동(semi-auto) Segmentation을 도입하여 작업시간을 단축시키며, 데이터수집의 효율을 높여 가격경쟁력을 확보하는 현저한 효과가 있다."
공개,엣지 디바이스를 이용한 이상탐지 인공지능 서비스의 성능 향상 장치 및 방법(ENHANCING APPARATUS AND METHOD FOR IMPROVING THE PERFORMANCE OF A ANOMALY DETECTION AI SERVICE USING EDGE DEVICE),1020220104204,20220819,주식회사 인투와이즈,박종한,,20220526,,"본 발명은 진동센서를 이용한 인공지능 서비스의 현장 최적화 방법에 관한 것이다. 보다 구체적으로, 본 발명의 실시예들은 머신러닝(machine learning, ML) 및 인공지능(AI) 모델들을 일반적인 기계장치, 빌딩 및 교각과 같은 대형 구조물에 적용할 수 있도록 현장 전문가가 사용자 인터페이스(UI)를 이용해 임계수준을 조정하고, 이를 기초로 인공지능 및 MLOps가 적용되어 인공지능 서비스의 성능을 최적화할 수 있도록 하는 기술에 관한 것이다."
등록,인공지능(AI) 기반 영상 및 음성정보를 활용한 자살고위험군 조기선별시스템 및 방법(Early screening system and method for high-risk groups of suicide using artificial intelligence (AI)-based video and audio information),1020200128617,20201006,주식회사 인포쉐어,지정훈,주식회사 인포쉐어,,,"본 발명은 인공지능(AI) 기반 영상 및 음성정보를 활용한 자살고위험군 조기선별시스템 및 방법에 관한 것으로, 자살고위험군 면담자의 행동을 촬영하여 유효데이터를 획득하기 위한 3D 카메라가 설치된 서브컴퓨터를 포함하는 정보획득장치 및 정보획득장치와 무선 또는 유선으로 연결되어 입력되는 영상에 따른 유효데이터를 저장하는 계측서버를 포함하는 계측장치와; 상기 계측장치와 유선 또는 무선으로 연결되어 인가되는 유효데이터를 기준으로 얼굴, 표정, 행동에 따른 각각의 데이터를 분리하여 분석모듈과; 상기 분석모듈로부터 인가되는 분리된 이미지를 기 저장된 표준화데이터에 매칭시켜 자살고위험군 면담자의 심리상태를 분석 및 결과를 표출하는 분석서버;를 포함하는 것을 특징으로 하며, 상용화된 비전-디텍팅 기술의 적용으로 기존 모션인식기술 및 움직임관련 알고리즘(기술)과의 연동을 통해 더욱 강력한 평가기능의 시스템을 구축할 수 있고, 심리학적 신경과학적인 표준데이터 테이블에 대한 알고리즘을 적용함으로써 사회적 문제로 대두 되고 있는 정신적 문제에 대한 기초 평가 프로그램으로 응용이 가능한 감성 및 심리치료 분야에 대한 적용 가능한 센서디바이스를 사용한 IoT 연동 기술 분야에 확대 적용 가능하고, 3D 카메라를 통해 실시간 자살고위험군 면담자의 행동양식을 획득하고 심리학 및 신경과학 전문가에 작성된 행동양식 표준화데이터를 통해 분석 및 판단하여 심리상태를 객관적으로 평가할 수 있는 효과가 있다."
취하,인공지능 돌봄 플랫폼 관리 서비스 시스템(An AI Care Platform Management Service System),1020200053062,20200502,주식회사 에프램,,,,,"Capacitive Sensor Array Mat(602) 장치의 감지 Pattern Data와 Actuator (604) 장치의 제어 신호를 전달하기 위해 Interface 회로부 (606)가 연결된다. Interface 회로부 (606)에 전달된 신호는 무선 혹은 유선 통신부 (608)에 의해 인터넷망에 연결된다. 무선 혹은 유선 통신부 (608)에 의해 전달된 신호는 Internet Cloud 저장 시스템 (610)에 저장하여 감지 Pattern Data를 축적하게 된다. Body Pattern 분석 시스템 (612)은 Internet Cloud 저장 시스템 (610)에 축적된 감지 Pattern Data를 시간, 자세, 위치 등을 기초로 분석하게 된다. Body Pattern 분석 시스템 (612)은 축적된 감지 Pattern Data인 Big Data를 기반으로 머신 러닝 (Machine Learning)과 딥 러닝 (Deep Learning) 같은 인공지능(AI(Artificial Intelligence)) 분석 기법을 적용하는 것을 포함한다. 서비스 시스템 (614)은 Body Pattern 분석 시스템 (612)에서 분석된 특정 Pattern Data를 사용자가 활용할 수 있는 서비스를 제공한다. 서비스 시스템 (614)은 휴대폰, PC, Tablet PC 등의 유무선 단말기 장치를 포함한다. 인공지능 AI(Artificial Intelligence) 돌봄의 장소는 병원, 호텔, 주거시설, 각종 사무실, 기타 건축 시설, 공장, 농장 등 모든 곳을 포함하고, 대상으로써 인간, 애완 동물, 가축, 야생 동물, 수산 생물, 식물 등의 각종 동식물 생명체와 혹은 기계 장치 등의 비생명 제어 장치도 포함한다."
취하,AI인공지능 프로그램을 활용한 의류 봉제 시스템(Clothing Sewing System Using AI Artificial Intelligence Program),1020200146456,20201105,주식회사 퍼플120,,,,,"본 발명은 AI인공지능 프로그램을 활용한 의류 봉제 시스템관한 것으로, 주로 캐쥬얼 웨어나 모자, 신발 등 봉제 디자인 확대/축소 모드에서 봉제데이터 편집기능과 재봉 모드에서 화면 인공지능 기능을 구비한 전자 미싱 및 그의 동작 제어 시스템에 관한 것으로, 봉제디자인 작성을 위해 재봉기 본체에 구비되어 있는 조작패널의 화면표시부 상에서 봉제디자인을 소정의 배율로 확대/축소 상태에서 봉제데이터를 편집 및 작성할 수 있고,또한 봉제디자인을 소정의 배율로 확대/축소시킨 상태에서 재봉 모드를 실행할 수 있다.등 다양한 부분에 적용할 수 있다."
취하,이커머스 빅데이터 기반의 인공지능 머신러닝 기법(AI machine learning based on e-commerce big data),1020190173891,20191224,주식회사 이구아나커머스,,,,,"본 발명은 인공지능 모바일 인터페이스 시스템 및 방법에 관한 것이다. 본 발명에 따른 인공지능 모바일 인터페이스 방법은, 사용자 단말에 의해 AI 마우스를 실행시킨 후, 사용자 단말의 초기 화면에서 핸드라이트를 이용하기 위한 버튼을 클릭하는 단계; 핸드라이트에 의해 그림을 그릴 수 있는UI를 생성하여 스마트폰 화면에 그림을 그릴 수 있는 환경을 제공하는 단계; 제공된 UI 화면을 통해 핸드라이트에 의해 특정 그림을 그림으로써, 새로운 그림 정보를 입력 및 저장하는 단계; 입력된 새로운 그림 정보를 바탕으로 메모리에 기저장되어 있는 핸드라이트 정보를 검색하여, 새로 입력된 그림 정보와 기저장된 그림 정보 간의 일치 여부를 판별하는 단계; 새로 입력된 그림 정보와 기저장된 그림 정보가 일치하는 경우, 이에 상응하는 메시지를 서버로 전송하는 단계; 서버에 의해 클라우드 컴퓨터를 통해 사용자 단말로부터의 메시지를 수신하는 단계;및 서버에 의해 수신한 메시지에 따른 이벤트를 출력 및 수행하는 단계를 포함한다."
공개,인공지능을 이용한 디자인 평가 및 추천 서비스 제공시스템 및 방법(System and method for providing design evaluation and recommendation service using artificial intelligence),1020220169742,20221207,임성광,김정수,,,,"본 발명은 로고 이미지 등과 같은 디자인에 대한 평가 및 전문가와의 연계 서비스를 제공하기 위한 시스템 및 방법에 관한 것으로, 본 발명에 따르면, 일반적으로, 디자인 분야는 그 특성상 주관성과 상대성으로 인해 객관적인 품질평가가 어려우며, 그로 인해, 디자인에 대하여 전문적인 지식이나 경험이 없는 일반인의 경우는 디자인에 관련된 서비스 품질이나 가격 등에 대하여 불확실성과 불합리함을 감수해야 하는 문제가 있으나, 로고 이미지 등과 같은 디자인에 대한 객관적인 평가를 제공해주는 서비스는 제공되지 못하는 한계가 있었던 종래기술의 문제점을 해결하기 위해, 인공지능(Artificial Intelligence ; AI)을 이용하여 등급별로 분류된 로고 이미지에 대한 학습을 수행하고, 학습결과에 따라 사용자가 업로드한 로고 이미지 등과 같은 디자인에 대한 객관적인 평가결과를 제공하는 동시에, 일반인 사용자와 전문가(디자이너)를 연결해주는 추천서비스를 제공할 수 있도록 구성되는 인공지능을 이용한 디자인 평가 및 추천 서비스 제공시스템 및 방법이 제공된다."
등록,"인공지능 학습을 위한 스켈레톤 데이터 생성 방법 및 이를 실행하기 위하여 기록매체에 기록된 컴퓨터 프로그램(Method of generating skeleton data for artificial intelligence learning, and computer program recorded on record-medium for executing method thereof)",1020210019296,20210210,주식회사 인피닉,정두승,주식회사 인피닉,,,"본 발명은 인공지능(AI) 학습용 데이터를 어노테이션함에 있어 이미지 속에 포함된 객체의 스켈레톤 데이터를 생성할 수 있는 방법을 제안한다. 상기 방법은 인공지능(Artificial Intelligence, AI) 학습을 위한 어노테이션(annotation) 작업의 대상이 되는 이미지가 로딩(loading)되면, 스켈레톤 데이터(skeleton data)의 생성에 활용될 수 있는 구조 템플릿(structure template)을 식별하는 단계; 상기 식별된 구조 템플릿을 상기 이미지 위에 오버레이(overlay)하여 출력하는 단계; 작업자의 제어에 따라, 상기 구조 템플릿에 포함된 하나 이상의 키 포인트(key point)의 위치를 이동시키는 단계; 및 상기 이동된 키 포인트의 위치 좌표 및 상기 키 포인트 사이의 연결 관계를 기초로, 상기 이미지 속에 포함된 객체(object)에 대응하는 스켈레톤 데이터를 생성하는 단계를 포함할 수 있다. 이 경우, 상기 스켈레톤 데이터는 이미지 속에 포함된 객체의 체형(body shape), 자세(pose) 또는 방향(direction)을 식별하기 위한 객체의 3차원 골격과 관련된 데이터이고, 상기 구조 템플릿은 객체의 속성에 따라 사전에 정의된 개수의 키 포인트와, 사전에 정의된 키 포인트 사이의 연결 관계를 가지는 데이터 구조가 될 수 있다."
거절,인공지능 및 기계학습 모델 운용 시스템 및 방법(SYSTEM AND METHOD FOR OPERATING ARTIFICIAL INTELLIGENCE AND MACHINE LEARNING MODEL),1020200039362,20200331,한국전자기술연구원,특허법인지명,,,,"본 발명은 인공지능 및 기계학습(AI/ML) 서비스 프로세스 유닛, 로컬 AI/ML 모델 저장소, 연합학습(Federated Learning, FL) 프로세스 유닛을 포함하는 FL 클라이언트에서의 AI/ML 모델 운용 방법에 관한 것이다. 본 발명의 일 실시예는 상기 AI/ML 서비스 프로세스 유닛이 AI/ML 모델 저장소로부터 AI/ML 모델의 다운로드를 요청하는 단계; 상기 다운로드 요청에 대응하여 AI/ML 모델이 다운로드됨에 따라 상기 로컬 AI/ML 모델 저장소에 저장하는 단계; 상기 AI/ML 서비스 프로세스 유닛이 상기 로컬 AI/ML 모델 저장소로부터 상기 AI/ML 모델을 독출 및 저장하여 서비스를 제공하는 단계; 상기 FL 프로세스 유닛이 연합학습 수행 조건 만족 여부를 판단하는 단계; 상기 FL 수행 조건을 만족함에 따라 상기 로컬 AI/ML 모델 저장소로부터 상기 AI/ML 모델을 독출 및 저장하여 연합학습을 수행하는 단계; 및 상기 연합학습 수행이 완료됨에 따라 갱신된 AI/ML 모델을 FL 서버로 제공하는 단계를 포함한다."
등록,"인공지능을 이용한 행동 추정 방법 및 이를 실행하기 위하여 기록매체에 기록된 컴퓨터 프로그램(Method for behavior estimation using artificial intelligence, and computer program recorded on record-medium for executing method therefor)",1020220019298,20220215,주식회사 인피닉,정두승,주식회사 인피닉,,,"본 발명은 행동 추정 방법을 제안한다. 상기 방법은 인공지능(Artificial Intelligence, AI) 학습을 위한 어노테이션(annotation) 작업 대상물을 수집하는 단계, 상기 학습 데이터 설계 장치가, 상기 수집한 어노테이션 작업 대상물에서 객체를 식별하여 3D 객체를 생성하는 단계 및 상기 학습 데이터 설계 장치가, 상기 생성된 3D 객체에 대한 2D 이미지의 복수의 키 포인트를 추출하고, 상기 추출된 키 포인트를 사전에 구축된 인체 자세 모형 데이터 셋에 저장된 인체 자세 모형과 비교하여, 상기 저장된 인체 자세 모형 데이터 셋 중 상기 추출된 키 포인트와 매칭되는 인체 자세 모형을 추출하여 상기 3D 객체의 행동을 추정하는 단계를 포함할 수 있다."
등록,"인공지능 기계 학습용 데이터 수집 시스템 및 이를 위한 장치(Data collecting system for artificial intelligence machine learning, and device therefor)",1020210102988,20210805,주식회사 인피닉,정두승,주식회사 인피닉,,,"본 발명은 차량의 자율주행에 사용될 수 있는 인공지능(AI)의 기계 학습용 데이터를 수집하기 위한 시스템을 제안한다. 상기 시스템은 차량에 설치된 라이다(lidar), 카메라(camera), 레이더(radar) 및 초음파 센서(ultrasonic sensor) 중 하나 이상으로부터 실시간으로 데이터를 수집하는 복수의 학습 데이터 수집 장치; 상기 라이다, 카메라, 레이더 또는 초음파 센서로부터 수집된 데이터를 대상으로, 어노테이션(annotation) 작업을 수행하는 복수의 어노테이션 장치; 및 상기 복수의 학습 데이터 수집 장치 각각으로부터 이동통신(mobile telecommunication)을 이용하여 상기 실시간으로 수집된 데이터를 수신하고, 상기 수신된 데이터를 상기 복수의 어노테이션 장치에 분배하고, 상기 어노테이션 작업의 결과물을 기초로 상기 인공지능(AI)을 기계 학습시키기 위한 데이터를 생성하는 학습 데이터 생성 장치를 포함하여 구성될 수 있다. 이 경우, 상기 학습 데이터 수집 장치는 사전에 설정된 주기마다 상기 학습 데이터 생성 장치와의 상기 이동통신의 통신 품질을 측정하고, 상기 측정된 통신 품질에 대응하여 상기 라이다, 카메라, 레이더 또는 초음파 센서로부터 수집된 데이터를 저장하기 위한 버퍼(buffer)의 크기를 조정할 수 있다."
공개,FDD MIMO 시스템에서 CSI 피드백을 위한 기계학습 또는 인공지능 기술 지원 방법 및 장치(METHOD AND APPARATUS FOR SUPPORT OF MACHINE LEARNING OR ARTIFICIAL INTELLIGENCE TECHNIQUES FOR CSI FEEDBACK IN FDD MIMO SYSTEMS),1020237032125,20220415,삼성전자주식회사,윤앤리특허법인(유한),,20210416,20220415,"본 개시는 LTE(Long Term Evolution)와 같은 4G 통신 시스템을 넘어 더 높은 데이터 전송률을 지원하기 위한 5G 통신 시스템 또는 6G 통신 시스템에 관한 것이다. 기계학습(ML) 지원 채널 상태 정보(CSI) 보고 또는 ML 지원 CSI 예측은, ML 지원 CSI 예측 및 인공지능 채널 특징 정보(AI-CFI) 보고 중 적어도 하나를 활성화 또는 비활성화 하는 지시자를 포함하는 CSI 보고 설정들(CSI reporting configurations)을 수신하는 동작을 포함한다. ML 모델 훈련이 수행되거나 훈련된 ML 모델 파라미터들이 수신되고, CSI 보고 설정들 중 적어도 하나에 해당하는 CSI 참조 신호들이 수신된다. ML 지원 CSI 예측이 활성화된 경우, CSI 보고 설정들은 미래 CSI 예측을 위한 타이밍 오프셋 및 ML 지원 CSI 예측에 사용되는 ML 모델에 대한 지시자를 포함하는 ML 설정들을 더 포함한다. AI-CFI 보고가 활성화된 경우, CSI 보고 설정들은 AI-CFI의 보고를 위한 설정 및 ML 지원 CSI 피드백 결정에 사용되는 ML 모델에 대한 지시자를 포함하는 ML 설정들을 더 포함한다."
공개,중요도 평가에 따른 인공지능 학습을 위한 로우 데이터 정제 방법 및 이를 실행하기 위하여 기록매체에 기록된 컴퓨터 프로그램(Raw data purification method for artificial intelligence learning according to importance evaluation and a computer program recorded on a recording medium to execute the same),1020210136624,20211014,주식회사 인피닉,정두승,,,,"본 발명은 인공지능(Artificial Intelligence, AI) 기계 학습용 데이터의 수집 장치의 데이터 정제 방법을 제안한다. 상기 방법은 학습 데이터 수집 장치가, 센서를 이용하여 데이터를 수집하는 단계; 상기 학습 데이터 수집 장치가, 수집된 데이터를 정제하는 단계; 및 상기 학습 데이터 수집 장치가, 상기 수집된 데이터에 대한 중요도를 평가하는 단계; 및 상기 학습 데이터 수집 장치가, 정제된 데이터를 데이터 수집 서버로 전송하는 단계;를 포함할 수 있다. 이 경우, 상기 정제하는 단계는, 상기 데이터에 포함된 객체와 인공지능 학습 대상이 되는 객체의 유사도를 산출하여 수행할 수 있다."
취하,빅데이터 기반 인공지능 공유 물류 관리 시스템 및 방법(SHARED LOGISTICS MANAGEMENT SYSTEM AND METHOD USING BIG-DATA BASED ARTIFICIAL INTELLIGENCE),1020190162243,20191208,푸드팡 주식회사,손보인,,,,"본 발명에 따른 빅데이터 기반 인공지능 공유 물류 관리 시스템은 유무선통신망에 접속되어 운송 및 물류 효율을 위한 공유 물류 관리 시스템 총괄하여 관리운영하는 통합관리서버(100); 유무선통신망을 통하여 상기 통합관리서버(100)에 접속되어 식자재 등의 상품 운송 및 물류에 관련된 빅데이터를 수집하여 인공지능에 의한 머신러닝 등의 학습에 의하여 데이터를 처리하고 관리 저장하는 AI빅데이터서버(200); 유무선통신망을 통하여 상기 통합관리서버(100)의 상기 데이터베이스처리부(130)에 접속되어 식재자 등의 제품, 고객사, 화물운송주, 경로, 운송비용, 판매내역 등의 데이터베이스를 관리하는 데이터베이스서버(300); 유무선통신망을 통하여, 식자재 등의 상품을 구입하는 사용자/고객이 상기 통합관리서버(110)의 상기 사용자단말처리부(140)에 접속 통신하는 사용자단말(400); 및 유무선통신망을 통하여, 식자재 등의 상품을 공급하는 공급자가 상기 통합관리서버(110)에 접속 통신하는 공급자단말(500)를 포함한다."
등록,인공지능(AI) 기반 콘텐츠 융합 서비스 시스템 및 방법(CONTENTS MERGING SERVICE SYSTEM AND METHOD BASED ARTIFICIAL INTELLIGENCE),1020190143352,20191111,주식회사 아임클라우드,김동진,주식회사 시니스트,20190530,,"본 발명의 일 실시 예에 따르면, 웹 서버(10)에 의해 제공되는 융합 콘텐츠 서비스 웹 페이지 상에서, 사용자가 원본 콘텐츠와 참조 콘텐츠를 선택하는 단계(S101)와, 콘텐츠 융합 서버가, 사용자에 의해 선택된 원본 콘텐츠와 참조 콘텐츠를 융합하여 융합 콘텐츠를 생성하는 동작을 수행하는 단계(S103)와, 웹 서버(10)가 콘텐츠 융합 서버(30)에 의해 생성된 융합 콘텐츠를 융합 콘텐츠 서비스 웹 페이지(11)상에 표시하는 단계(S105)를 포함하는 인공지능(AI) 기반 콘텐츠 융합 서비스 방법이 개시된다."
공개,인공지능(AI) 형태의 멘토멘티 연결장치 및 그 장치의 구동방법(Apparatus for Connecting Mentor and Mentee by Using Artificial Intelligence and Driving Method Thereof),1020220154563,20221117,대전보건대학교 산학협력단,송준혁,,,,"본 발명은 인공지능 형태의 멘토 및 멘티 연결 시스템 및 방법에 관한 것으로서, 본 발명의 실시예에 따른 인공지능(AI) 형태의 멘토 및 멘티 연결장치는, 멘토의 멘토 단말장치 및 멘티의 멘티 단말장치와 각각 통신하는 통신 인터페이스부, 및 가상의 인공지능(AI) 프로그램을 이용해 멘토 단말장치 및 멘티 단말장치와 대화하여 대화 내용을 근거로 멘토 및 멘티의 적합도를 평가하며, 평가 결과를 근거로 멘토 단말장치 및 멘티 단말장치를 연결시키는 제어부를 포함할 수 있다."
등록,"인공지능을 이용한 이미지 생성 방법 및 이를 실행하기 위하여 기록매체에 기록된 컴퓨터 프로그램(Method for create images using artificial intelligence, and computer program recorded on record-medium for executing method therefor)",1020240022037,20240215,주식회사 인피닉,정두승,주식회사 인피닉,,,"본 발명은 텍스트 캡션이 존재하지 않는 이미지만으로 인공지능 모델을 효과적으로 학습하여 높은 퀄리티의 이미지를 생성하기 위한, 인공지능을 이용한 이미지 생성 방법을 제안한다. 상기 방법은 이미지 생성 장치가, 적어도 하나의 이미지(image) 및 상기 적어도 하나의 이미지로부터 도출된 텍스트(text)를 기초로 인공지능(AI, Artificial Intelligence) 모델을 학습시키는 단계, 상기 이미지 생성 장치가, 추론을 위한 대상 텍스트를 상기 학습된 인공지능 모델에 입력하여, 상기 대상 텍스트와 대응되는 이미지를 생성하는 단계를 포함할 수 있다."
공개,인공지능 기반 적응형 피드량을 제공하는 서버(Server that provides artificial intelligence-based adaptive feed volume),1020230148986,20231101,(주)연합시스템,특허법인비엘티,,20221123,,"인공지능(artificial intelligence, AI) 기반 적응형 피드량을 제공하는 서버가 개시된다. 본 개시의 일 실시예에 따른, 서버는 메모리; 적어도 하나의 공작 기계와 통신을 수행하는 통신 모듈; 및 상기 메모리 및 상기 통신모듈과 통신을 수행하는 적어도 하나의 프로세서를 포함하고, 상기 적어도 하나의 프로세서는, 단위 공장의 제1 공작 기계로부터 초기 적정 부하값을 수신하고, 상기 제1 공작 기계의 목표 부하값 및 상기 초기 적정 부하값을 제1 AI 모델에 입력하여 제1 추천 피드 변화량, 제1 추천 공구 또는 모재 회전 속도, 또는 제1 추천 절입량 중의 적어도 하나를 획득하고, 상기 제1 추천 피드 변화량, 제1 추천 공구 또는 모재 회전 속도, 또는 제1 추천 절입량 중의 적어도 하나에 기초하여 상기 제1 공작 기계의 동작을 제어하기 위한 제1 제어 신호를 상기 제1 공작 기계로 전송하도록 설정될 수 있다."
공개,인공지능 기반의 사용자 상태에 따른 식품 추천 방법 및 그 장치(METHOD AND APPARATUS FOR RECOMMENDING FOOD AND DRINK BASED ON ARTIFICIAL INTELLIGENCE-BASED USER STATUS),1020190102606,20190821,엘지전자 주식회사,특허법인로얄,,,,"인공지능 기반의 사용자 상태에 따른 식품 추천 방법 및 그 장치가 개시된다. 본 발명의 일 실시예에 따른 인공지능 기반의 사용자 상태에 따른 식품 추천 방법은, 상기 이동 단말 및 상기 이동 단말과 연결된 외부 단말로부터 이용 정보를 획득하고, AI 장치를 통해 사용자 상태를 판단한 후, 사용자 상태에 따른 사용자의 선호 식품을 판단함으로써, 사용자의 생활에 편의를 줄 수 있다. 본 발명의 인공지능 기반의 사용자 상태에 따른 식품 추천 장치는 인공 지능(Artificial Intelligence) 모듈, 드론(Unmanned Aerial Vehicle, UAV), 로봇, 증강 현실(Augmented Reality, AR) 장치, 가상 현실(virtual reality, VR) 장치, 5G 서비스와 관련된 장치 등과 연계될 수 있다."
등록,인공지능 알고리즘 기반의 실시간 유해 컨텐츠 차단 장치 및 방법(APPARATUS AND METHOD FOR BLOCKING REAL-TIME HARMFUL CONTENT BASED ON ARTIFICIAL INTELLIGENCE ALGORITHM),1020230036587,20230321,㈜노웨어소프트,윤귀상,㈜노웨어소프트,,,"인공지능(artificial intelligence, AI) 알고리즘 기반의 실시간 유해 컨텐츠를 차단하는 방법 및 장치가 개시된다. 본 개시의 일 실시예에 따른, 장치에 의해 수행되는 AI 알고리즘 기반의 실시간 유해 컨텐츠를 차단하는 방법은, 사용자에 의해 업로드된 컨텐츠에 포함된 복수의 데이터를 컨텐츠 유형 별로 분류하는 단계; 상기 컨텐츠 유형 별로 분류된 복수의 데이터 각각에 대해 적어도 하나의 유해성 판단 모듈을 적용하여 상기 복수의 데이터 각각의 유해 지수를 산출하는 단계; 상기 복수의 데이터 중 유해 지수가 특정 범위 내에 속하는 특정 데이터를 미리 학습된 AI 모델에 입력하여 상기 특정 데이터가 유해 데이터인지 여부에 대한 정보를 획득하는 단계; 및 상기 획득된 정보에 의해 상기 특정 데이터가 유해 데이터로 식별됨에 기반하여, 상기 컨텐츠를 필터링하는 단계; 및 상기 획득된 정보에 기초하여 상기 특정 데이터의 유해 지수를 상기 특정 범위를 초과한 값으로 출력하도록 상기 적어도 하나의 유해성 판단 모듈을 업데이트하는 단계를 포함할 수 있다."
등록,인공지능(AI)을 이용한 공동주택 소방설비 점검 시스템(Firefighting facility monitoring system for apartment houses using artificial intelligence),1020220137955,20221025,(주)천도엔지니어링,이범호,(주)천도엔지니어링,,,"본 발명은 공동주택의 소방설비 중 스프링클러 시스템의 스프링클러헤드 설치 상태, 발코니 창문용 방화셔터의 작동 상태 및 피난구 유도등의 작동 상태가 주기적으로 자동 점검되는 동시에 이의 진행이 인공지능모듈의 딥 러닝을 기반으로 보다 정확하고 정밀하게 자동 수행될 수 있어, 해당 점검 과정 및 이를 기반으로 하는 해당 소방설비들의 유지/보수 작업이 보다 정확하고 필요 시 신속하게 진행될 수 있도록 하는 인공지능(AI)을 이용한 공동주택 소방설비 점검 시스템에 관한 것으로서, 본 발명에 따른 인공지능(AI)을 이용한 공동주택 소방설비 점검 시스템은 제1 데이터베이스 서버, 제2 데이터베이스 서버, 공동주택 소방설비 통합관리서버, 공동주택 로컬점검장치를 포함하여 구성되고, 상기 공동주택 로컬점검장치는 공동주택별 설치되는 소방설비 모니터링영상 획득부 및 공동주택 관리실 서버를 포함하여 구성된다."
등록,자동화 폐기물 수거함의 딥러닝 기반 인공지능 운영 시스템 및 방법(OPERATION SYSTEM AND METHOD OF AUTOMATED WASTE COLLECTION BINS BASED ON DEEP LEARNING BASED ARTIFICIAL INTELLIGENCE),1020200078616,20200626,(주)에이씨아이케미칼아시아,고영갑,(주)에이씨아이케미칼아시아,,,"본 발명의 실시 예에 따른 시스템은, 자동화 폐기물 수거함의 딥러닝 기반 인공지능 운영 시스템에 있어서, 폐기물을 압축 또는 일반 수용하고, 각 센서의 감지 정보를 생성하고, 각 자동화 폐기물 수거함의 종류 및 상태와 관련된 제1 정보, 상기 감지 정보, 및 상기 각 자동화 폐기물 수거함의 위치를 나타내는 제2 정보를 AI(Artificial Intelligence) 장치로 전송하는 상기 각 자동화 폐기물 수거함; 상기 제1 정보, 상기 감지 정보, 및 상기 제2 정보를 수신하고, 상기 감지 정보에 포함된 다수의 파라미터들 중에서 적어도 복수의 파라미터들을 선택하여 제1 파라미터 셋을 생성하고, 회귀적 신경망(RNN : Recurrent Neural Network) 기법 중 장단기기억(LSTM : Long Short Term Memory) 제1 딥러닝(deep learning) 알고리즘에 상기 제1 파리미터 셋을 입력하여 상기 각 자동화 폐기물 수거함에 대한 제1 수거 일정 및 제1 운영 요소를 출력하고, 상기 감지 정보가 대용량 데이터를 포함하는 경우, 상기 다수의 파라미터들 중에서 상기 AI 장치에서 미처리된 적어도 하나의 파라미터를 포함하는 미처리된 감지 정보, 상기 제1 정보 및 상기 제2 정보를 딥러닝 기반 AI 운영 서버로 전송하는 상기 AI 장치; 상기 제1 정보, 상기 미처리된 감지 정보, 및 상기 제2 정보를 수신하고, 상기 미처리된 감지 정보에 포함된 다수의 파라미터들과 상기 미리 지정된 다수의 파라미터들 중에서 복수의 파라미터들을 선택하여 제2 파라미터 셋을 생성하고, 장단기기억 제2 딥러닝 알고리즘에 상기 제2 파라미터 셋을 입력하여 상기 각 자동화 폐기물 수거함에 대한 제2 수거 일정 및 제2 운영 요소를 출력하고, 상기 제1 정보 및 상기 제2 정보를 기반으로 상기 제2 수거 일정 및 상기 제2 운영 요소에 부합한 일정에 가용한 수거 차량 중 폐기물과 수거함의 특성에 맞는 해당 수거 차량과 인력을 결정하고, 해당 수거 차량과 담당자의 단말에 업무지시하는 딥러닝 기반 AI 운영 서버를 포함한다."
등록,인공지능(AI)을 이용한 배전케이블 고장구간 검출시스템(Fault line detecting system of distributing cable using artificial intelligence),1020220009026,20220121,은세기술 주식회사,이범호,은세기술 주식회사,,,"본 발명은 지중배전선로의 배전케이블에 대해 인공지능의 딥 러닝을 기반으로 하는 고장구간 검출이 수행되는 동시에 검출된 배전케이블의 고장구간 식별이 시각적인 확인 방식을 통해 자동 표시될 수 있어, 해당 고장구간에 대한 작업자의 유지 보수 작업이 보다 용이하게 진행될 수 있도록 하는 인공지능(AI)을 이용한 배전케이블 고장구간 검출시스템에 관한 것으로서, 본 발명에 따른 인공지능(AI)을 이용한 배전케이블 고장구간 검출시스템은 지중배전선로의 미리 정해진 길이의 배전케이블을 단위 감시 구간으로 상기 단위 감시 구간별 배전케이블의 고장을 검출하는 시스템으로서, 케이블 감시 데이터 획득부, 데이터베이스부, 케이블 고장 검출부, 통신 중계부 및 케이블 고장 표시부를 포함하여 구성되고, 상기 케이블 고장 표시부는 고장 표시램프, 투명커버, QR코드 스티커 및 스피커 장치를 포함하여 구성된다."
공개,인공지능(AI) 기반 개인 건강 기호 맞춤형 곡물 제공 시스템 및 방법(AI-based personal health preference customized grain provision system and method),1020220147789,20221108,박준영,기림특허법인,,,,"본 발명은 주문매장 또는 온라인 샵에서 개인 건강(체질, 질환여부, 나이, 성별 등)과 기호 등에 대한 정보를 기반으로 친환경 곡물(쌀, 잡곡 등) 생산을 위한 생산자와 계약재배 플랫폼을 구축하고, 곡물 주문자 개인의 체질 질환여부, 나이, 성별, 기호 등의 정보를 수집하여 AI가 수집된 정보를 기반으로 곡물을 블랜딩을 하여 주문자(들)에게 설정된 주기로 친환경 곡물을 도정하여 배송하여 최대한으로 신선하고 영양성분을 유지할 수 있는 갓 도정한 곡물을 공급할 수 있는 인공지능(AI) 기반 개인 건강 기호 맞춤형 곡물 제공 시스템 및 방법에 관한 것이다. 이러한 본 발명은 곡물을 판매하는 주문매장 또는 온라인 샵에서 개인 건강과 기호에 대한 정보를 기반으로 친환경 곡물 생산을 위한 생산자와 계약재배 플랫폼을 구축하며, 곡물 주문자 개인의 체질, 질환, 나이, 성별, 기호를 포함하는 고객 정보를 수집하고, 수집된 정보를 기반으로 곡물 주문자별 최적의 건강 맞춤형 곡물 블랜딩을 인공지능(AI)을 통해 수행하여 주문자(들)에게 설정된 주기로 친환경 곡물을 도정하여 배송할 수 있도록 하여 신선하고 영양성분을 유지할 수 있는 갓 도정한 곡물을 공급하는 인공지능 기반 건강/기호 맞춤형 곡물제공 서버(100); 곡물을 판매하는 전국 각지의 오프라인 매장 또는 복수의 온라인 매장의 단말기로 POS기, PC, 스마트 기기나 서버를 포함하여 구성되는 주문매장 또는 온라인 샵 단말기(200); 및 곡물을 주문하고자 하는 고객들의 단말기로, PC나 스마트 기기로 구성되는 복수의 주문자 단말기(300);를 포함하여 구성됨을 특징으로 하는 인공지능(AI) 기반 개인 건강 기호 맞춤형 곡물 제공 시스템을 제공한다."
등록,인공지능(Ai)을 이용한 철도전기 안전관리 시스템(Railway electricity safety management system using artificial intelligence),1020230142580,20231024,(주)진전기엔지니어링,이범호,(주)진전기엔지니어링,,,"본 발명은 인공지능(Ai)을 이용한 철도전기 안전관리 시스템에 관한 것으로, 보다 상세하게는 전차선 전압과 전류를 가선으로부터 받은 후에 이 신호들을 전력분석기와 신호변환기로 보내도록 하고, 전력분석기를 통해서는 전력량, 역율, 실효값, 고조파 함유량에 대한 결과를 신호변환기를 통해서 순시값으로 제공되도록 함은 물론 속도와 위치에 대한 정보를 컴퓨터로 입력받아 고장 또는 이선이 발생한 구간을 정확하게 모니터링할 수 있도록 할 뿐만 아니라, 각 철도차량의 모니터링 및 제어에 사용되는 컴퓨터를 분산 배치할 수 있도록 트레이, 랙가이드, 랙고정판을 구비하여 통합 관리함으로써 제어 효율을 향상시키며, 특히 랙가이드의 고정구조를 더욱 더 개량한 인공지능(Ai)을 이용한 철도전기 안전관리 시스템에 관한 것이다."
공개,인공지능 및 머신러닝을 이용한 빔 관리에서의 모델 관리 방법 및 장치(METHOD AND APPARATUS FOR MODEL MANAGEMENT IN AI/ML BASED BEAM MANAGEMENT),1020230144192,20231025,주식회사 케이티,특허법인(유한)유일하이스트,,20221026,,"본 실시예들은 인공지능 및 머신러닝을 이용한 빔 관리에서의 모델 관리 방법 및 장치에 대한 것으로, 소정의 목적에 이용되는 하나 이상의 AI/ML 모델(model) 또는 기능(functionality)에 대하여 각각 대응하도록 구성된 하나 이상의 참조 신호(reference signal, RS) 자원 셋(resource set)에 대한 구성 정보를 수신하는 단계, 하나 이상의 참조 신호 자원 셋 중에서 선택된 하나의 참조 신호 자원 셋에 대한 지시 정보를 수신하는 단계 및 하나의 참조 신호 자원 셋에 기초하여 참조 신호에 대한 신호 세기 또는 신호 품질을 측정하는 단계를 포함하는 방법을 제공한다."
등록,인공지능을 이용한 CT 스캔의 품질 향상 시스템 및 방법(System and method for enhancing quality of CT(computed tomography) scan using AI(artificial intelligence)),1020210135394,20211013,주식회사 웨이센,이준성,주식회사 웨이센,,,"본 발명은 인공지능을 이용한 CT 스캔의 품질 향상 시스템 및 방법에 관한 것이다. 본 발명에 따른 인공지능을 이용한 CT 스캔의 품질 향상 방법은, 소정 두께 및 간격의 CT 스캔을 입력받아 CT 스캔의 각 CT 슬라이스 별로 두께 감소 AI 모델을 적용하는 단계와; 두께 감소 AI 모델의 적용에 의해 두께가 감소된 CT 스캔을 획득하는 단계와; 획득된 두께가 감소된 CT 스캔에 간격 보간 AI 모델을 적용하여 간격이 보간된 CT 스캔을 획득하는 단계와; 두께가 감소되고, 간격이 보간된 CT 슬라이스를 재정렬하는 단계; 및 재정렬된 CT 슬라이스를 바탕으로 최종적으로 품질이 개선된 소정 두께 및 간격의 CT 스캔을 획득하는 단계를 포함한다. 이와 같은 본 발명에 의하면, 인공지능 기술을 이용하여 저해상도의 CT 스캔을 입력받아 두께 감소 및 간격 보간을 행함으로써, 저해상도의 CT 스캔을 고해상도의 품질로 개선할 수 있다."
취하,인공지능 AI 알고리즘을 활용한 행사 이벤트 큐레이팅 서비스 솔루션 제공장치 및 제공방법(Apparatus and method to provide a service solution for curating events using deep learning AI algorithms),1020210054303,20210427,(주)무브컬쳐,김진동,,,,"본 발명의 일실시예에 따른 인공지능 AI 알고리즘을 활용한 행사 이벤트 큐레이팅 서비스 솔루션 제공장치는 상기 큐레이팅 서비스 솔루션 제공장치(100)는 선호정보 수집모듈(110), 선호정보 저장모듈(120), AI 큐레이션 모듈(130), AI 학습모듈(140) 및 광고 모듈(150)를 포함하며, 상기 선호정보 수집모듈(110)은, 온라인 상에서 참가자가 활동하는 모든 행동 데이터를 수집하며, 상기 선호정보 저장모듈(120)은, 상기 선호정보 수집모듈(110)에 수집된 온라인 활동정보 및 개별 사용자의 로그정보와 상기 AI 큐레이션 모듈이 제공하는 사용자 선호정보를 저장하며, 상기 AI 학습모듈(140)은, 인공지능을 활용하여 상기 수집된 온라인 선호정보의 신뢰도를 판별하고, 판별된 신뢰도에 따라 미리 설정된 기준 이상의 신뢰도를 갖는 정보만을 상기 선호정보 저장모듈(120)에서 저장할 수 있도록 제어하며, 상기 AI 큐레이션 모듈(130)은, 상기 선호정보 저장모듈(120)에 저장된 데이터를 기반으로 상기 개별 사용자의 맞춤형 행사 이벤트 큐레이팅 솔루션 정보를 생성하고 상기 개별 사용자에게 제공하며, 상기 광고 모듈(150)은, 상기 개별 참가자의 선호정보, 상기 맞춤형 큐레이팅 솔루션 정보 및 주최자 단말기(200)로부터 제공되는 큐레이션 정보 중 적어도 하나의 정보에 기반하여 맞춤형 광고 정보를 생성한다."
공개,인공지능(AI)을 이용한 용융아연도금 도막 두께 최적화방법(Optimization method for hot-dip galvanizing film thickness using AI Solution),1020220076450,20220622,와이제이산업(주),최성근,,,,"본 발명은 인공지능(AI)을 이용한 용융아연도금 도막 두께 최적화방법에 관한 것으로서, 더욱 상세하게는 최적 또는 설정된 용융아연도금의 두께를 유지하기 위하여 다중회귀분석에 따라 가장 적합한 회귀모델을 선정하고 인공지능(AI) 반복학습을 통하여 공정상에 온도 및 농도 등의 최적의 값들을 찾아 피드백(feedback)하기 위한 인공지능(AI)을 이용한 용융아연도금 도막 두께 최적화방법에 관한 것이다. 본 발명의 일실시 예에 따른 인공지능(AI)을 이용한 용융아연도금 도막 두께 최적화방법은 규산나트륨(Na 2 SiO 3 )과 수산화나트륨(NaOH)을 주성분으로 하는 15 〜 20 중량%의 탈지액에 40 〜 80℃의 온도 상에서 피도금부재를 20 ~ 30분간 침지하여 유지류를 제거하는 탈지단계, 상기 탈지된 피도금재를 10〜 28℃의 상온에서 염산(HCl) 8 〜 20 중량%를포함하는 산세액에 10 〜 60분간 침지하여 세정하는 산세단계, 상기 세정된 피도금재를 10〜 28℃의 상온에서 pH농도 1.5 〜 7.0의 수세액에 침지하여 표면에 남아 있는 염산기를 제거하는 수세단계, 상기 수세된 피도금부재에 pH농도 4 〜 5 및 40 〜 60℃의 온도 상에서 염화아연과 염화암모늄을 주성분으로 하는 15 〜 25 중량%의 플럭스(flux)액에 침지하여 표면에 플럭스액을 코팅하는 플럭스단계, 상기 플럭스액이 코팅된 피도금재를 40 〜 70℃에서 2 ~ 10분간 건조하여 표면에 피막층을 형성함으로써 산화방지 및 아연의 비산을 방지하는 건조단계, 상기 건조된 피도금재를 440 〜 480℃의 온도 상의 용융아연액이 담긴 도금로에 30초 〜 15분 동안 침지하되, 상기 피도금재를 1m/min 이하속도로 인양하여 표면에 용융아연 도막층이 형성되는 도금단계 및 상기 도막층이 형성된 피도금재를 10 〜 50℃의 온도를 유지하는 냉각조에 10 〜 60초 동안 침지하여 도금효율을 유지하도록 하는 냉각단계를 포함한다."
공개,인공지능(AI) 기반 분사노즐 제작시스템(Artificial Intelligence-based spray nozzle manufacturing system),1020220141822,20221028,주식회사 세림정공,최성근,,,,"본 발명은 인공지능(AI) 기반 분사노즐 제작시스템에 관한 것으로서, 더욱 상세하게는 종래 균일한 이형제 도포를 위해서 시행착오(Trial-Error) 방법으로 설계를 하던 것을 개선하여 적층제조 공정을 이용한 자율 형상 설계를 실시하고 인공지능(AI) 기술을 접목하여 성능이 향상된 이형제 분사용 매니폴드를 제작할 수 있는 인공지능(AI) 기반 분사노즐 제작시스템에 관한 것이다. 본 발명의 일실시 예에 따른 인공지능(AI) 기반 분사노즐 제작시스템은 분사(噴射) 형태를 컴퓨터 비전을 통해 이미지화하는 촬영부, 상기 촬영부가 생성한 이미지를 수집하는 제1 이미지수집부, 상기 제1 이미지수집부가 수집한 이미지를 전송받아 노즐팁 크기별 분사면적 및 분사각도의 상관관계를 분석하는 제1 AI분석부, 상기 제1 AI분석부로부터 분석된 분사(噴射)프로파일을 데이터로 저장하는 데이터베이스부, 상기 분사(噴射)프로파일을 토대로 가상 분사(噴射) 시뮬레이션을 실시하는 DEM시뮬레이션부, 상기 DEM시뮬레이션부가 생성한 이미지를 수집하는 제2 이미지수집부, 상기 제2 이미지수집부가 수집한 이미지를 전송받아 도포 상태를 분석하여 상기 데이터베이스부에 도포(塗布)프로파일로 피드백하는 제2 AI분석부, 및 상기 데이터베이스부에 저장된 상기 분사프로파일 및 도포프로파일에서 도출된 데이터에 의해 금속 3D프린터로 상기 매니폴드를 제작하는 출력부를 포함할 수 있다."
공개,인공지능 모델을 위한 학습 데이터를 증강하기 위한 방법 및 장치(METHOD AND APPARATUS FOR AUGMENTATION OF LEARNING DATA FOR ARTIFICIAL INTELLIGENCE MODEL),1020220140132,20221027,주식회사 온택트헬스,성병기,,,,"본 발명은 인공지능(artificial intelligence, AI) 모델을 위한 학습 데이터를 증강(augmentation)하기 위한 것으로, 학습 데이터를 증강(augmentation)하기 위한 방법은, 적어도 하나의 잡음 필터 및 적어도 하나의 증강 방식을 선택하는 단계, 적어도 하나의 기초 영상에 선택된 적어도 하나의 잡음 필터 및 적어도 하나의 증강 방식을 적용함으로써 학습 데이터를 생성하는 단계, 및 상기 생성된 학습 데이터 이용하여 상기 인공지능 모델에 대한 훈련을 수행하는 단계를 포함할 수 있다."
공개,"인공지능 기반의 IOT 통합 처리 장치, 이를 포함하는 AI 머신 사회관계망 시스템과 그 방법(AN ARTIFICIAL INTELLIGENCE-BASED IOT INTEGRATION PROCESSING DEVICE, AN AI MACHINE SOCIAL NETWORKING SYSTEM COMPRISING THE SAME, AND A METHOD THEREFOR)",1020220141256,20221028,주식회사 안지온,해움특허법인,,,,"인공지능 기반의 IOT 통합 처리 방법이 제공된다. 상기 인공지능 기반의 IOT 통합 처리 방법은, 적어도 하나의 IOT 디바이스로부터 이벤트 발생에 따른 IOT 정보를 수집하는 단계; 이벤트 처리규칙 DB에 기-정의된 이벤트 처리규칙에 기초하여 상기 수집된 IOT 정보를 분석하는 단계; 및 상기 IOT 정보를 분석한 결과에 기초하여, 상기 IOT 디바이스와의 대화가 요구되는지 또는 사용자 단말과의 대화가 요구되는지를 판단하는 단계를 포함할 수 있다."
공개,인공지능(AI)를 이용한 치주질환 관리 시스템(Periodontal disease management system using Artificial Intelligence),1020220138381,20221025,주식회사 카이아이컴퍼니,특허법인와이에스장,,,,"인공지능 알고리즘을 이용하여 치주질환을 관리하는 시스템으로서, 사용자의 치주 이미지와 개인 정보, 문진 데이터를 제공하고, 치주질환 진단 보고서를 요청하는 사용자 단말; 및 상기 사용자 단말로부터 제공되는 치주 이미지를 인공지능으로 분석하여 치주질환 진단 보고서를 생성하여 상기 사용자 단말로 전송해주는 치주질환 관리서버를 포함하고, 상기 치주질환 관리서버는, 사용자의 치주 이미지를 인공지능(AI)으로 학습하여 분석 데이터를 추출하는 구강건강 연산부, 및 상기 구강건강 연산부에서 추출한 분석 데이터와 문진 정보를 빅데이터를 기반으로 분석하여 치주질환 진단 보고서를 생성하고, 생성한 치주질환 진단 보고서를 상기 사용자 단말에 전송하는 구강건강 정보 제공부를 포함하는 것을 특징으로 하는 인공지능 알고리즘을 이용하여 치주질환을 관리하는 시스템이 개시된다."
공개,엣지컴퓨팅기반 인공지능 플랫폼을 통한 AI모델 마켓플레이스 운영방법(METHOD OF MANAGING ARTIFICIAL INTELLIGENCE MODEL THROUGH ARTIFICIAL INTELLIGENCE PLATFORM BASED ON EDGE COMPUTING),1020220144298,20221102,김용범,이강현,,,,"본 발명은, 니즈정보 확보 단계(S110), 기획설계정보 전송 단계(S120), AI모델 생성 단계(S130), AI모델 검증 단계(S140), AI모델 실행 단계(S150), AI모델 예측결과 데이터 전송 단계(S160), 및 알람정보 전송 단계(S170)를 포함하여서, 클라이언트와 AI모델 제공자 사이에 거래관련 플랫폼을 구축하여, 클라이언트의 니즈에 부합하는 AI모델을 주문제작하여 제공하고, 엣지 컴퓨팅을 통해 예측결과를 실시간으로 제공하고 보안성을 유지하도록 하는, 엣지컴퓨팅기반 인공지능 플랫폼을 통한 AI모델 마켓플레이스 운영방법을 개시한다."
공개,"인공지능 기반 막 수명 진단방법, 막 교체 시기 파악을 위한 예측유지관리방법 및 시스템(Predictive maintenance system for membrane replacement time detection using AI-based functional profile monitoring)",1020220030740,20220311,경희대학교 산학협력단,특허법인 아이퍼스,,,,"본 발명은 인공지능 기반 MBR 막 수명 진단방법, 막 교체 시기 파악을 위한 예측유지관리방법 및 시스템에 관한 것으로, 보다 상세하게는 막간차압, 화학세정제 사용량 정보로부터 막 수명 관련 생물학적, 화학적, 물리적 정보를 추출하여 상기 기능적 매개변수를 설정; 생물학적, 화학적, 물리적 기능적 매개 변수들을 functional machine learning(FML)을 활용해 숨겨진 패턴과 추세 및 매개 변수들 사이의 관계를 해석하는 단계; 및 상기 해석데이터를 기반으로 막 수명을 추정하는 단계; 인공지능(AI) functional profile monitoring(FPM) 모델을 생성하는 단계; 생성된 FPM 모델을 통해 막 수명 주요 영향 functional 매개 변수들을 막 교체 규칙(MRR, Membrane replacement rule)에 따라 막 교체 시기를 제안하는 것을 특징으로 하는 인공지능 기반 막 교체 시기 파악을 위한 예측유지관리방법에 관한 것이다."
등록,소형 홀로그램 기반의 인공지능 헬퍼 시스템(AI helper system based on small hologram),1020200014182,20200206,동서대학교 산학협력단,특허법인 신태양,동서대학교 산학협력단,,,"본 발명은 소형 홀로그램 기반의 인공지능 헬퍼 시스템에 관한 것으로, 보다 구체적으로는, 상용화되어 있는 팬 디스플레이들의 단점을 보완하여 기존의 AI(artificial intelligence) 스피커에 IoT 기술을 접목하여 능동적으로 사용자 요구에 맞춤된 서비스를 제공해 주고 소형화된 홀로그램을 통해 입체적인 시각효과를 줄 수 있는 시니어 사용자를 위한 헬퍼 플랫폼을 제공하도록 하기 위한 소형 홀로그램 기반의 인공지능 헬퍼 시스템에 관한 것이다."
등록,인공지능 추천 모델을 사용하여 추천 정보를 제공하는 데이터 카탈로그 제공 방법 및 시스템(DATA CATALOG PROVIDING METHOD AND SYSTEM FOR PROVIDING RECOMMENDATION INFORMATION USING ARTIFICIAL INTELLIGENCE RECOMMENDATION MODEL),1020200174053,20201214,주식회사 데이터스트림즈,양성보,주식회사 데이터스트림즈,,,"데이터베이스에 저장된 데이터 셋들에 대한 관리 및 검색과 관련된 기능을 제공하도록 구성되는 데이터 카탈로그를 제공하는 방법이 제공된다. 데이터 카탈로그를 제공하는 방법은, 데이터 카탈로그를 사용하여 데이터 셋을 조회하는 사용자들의 로그 데이터를 수집하고, 로그 데이터 및/또는 데이터 셋들에 기반하여, 인공지능(Artificial Intelligence; AI) 추천 모델을 사용하여, 사용자에 대해 추천 정보를 제공한다. AI 추천 모델은 수집된 로그 데이터에 기반하여 학습된 것으로서, 축적된 로그 데이터의 양에 따라 상이한 추천 알고리즘을 사용하여 추천 정보를 생성한다."
공개,인공지능과 블록체인 기반 비대면 업무 협업 관리를 위한 시스템(Untact Project Communication System Using Artificial Intelligence and Blockchain Technology),1020210159935,20211119,주식회사 유피체인,특허법인부경,,,,"본 발명은 온라인을 이용한 비대면 AI(Artificial Intelligence, 인공지능) 업무협업 관리 시스템에 관한 것이다. 온라인 비대면 환경에서, 다양한 회의와 의사 결정들이 이뤄지는데, 막대한 양의 영상 및 음성 회의 데이터가 발생하고 있고, 이를 회의 참석자들이 상호 재확인과 합의를 위하여, 여러 차례 반복되는 많은 리소스가 발생되고 있고, 회의한 내용이 참여자들의 수기 데이터 처리 되면서, 누락 데이터 및 내용이 달라지는 경우가 빈번히 발생되고 있다. 본 시스템은, 이러한 부분들을 인공지능과 블록체인(계약 증명, 데이터 합의 증명) 기술을 활용하여, 영상 및 음성 회의 데이터가 자동화된 보고서로 만들어지고, 검색 가능한 데이터로 처리를 함으로써, 비대면 업무 협업이 원활히 이뤄질 수 있도록 하는 시스템에 관한 것이다."
등록,인공지능 기반의 위내시경 영상 분석 방법(AI(Artificial Intelligence) based gastroscope image analysis method),1020200100030,20200810,주식회사 웨이센,이준성,주식회사 웨이센,,,"본 발명은 인공지능(AI) 기반의 위내시경 영상 분석 방법에 관한 것이다. 본 발명에 따른 인공지능(AI) 기반의 위내시경 영상 분석 방법은, 위내시경 촬영 영상에 대한 인공지능 기반의 복수의 영상 분류 모델을 구성하는 단계와; 복수의 영상 분류 모델에 대한 각각의 학습 데이터를 구성하여 복수의 영상 분류 모델을 학습시키는 단계와; 위내시경 프로브를 이용하여 구강 및 인후두로부터 십이지장 제2부까지 또는 상기 십이지장 제2부로부터 상기 구강 및 인후두까지 위(胃)의 각 부위에 대해 관찰 또는 촬영하는 단계와; 촬영 중 촬영된 영상에 대하여 상기 복수의 영상 분류 모델을 이용하여 위(胃)의 해부학적 위치를 자동으로 분류 및 인식하고, 병변 위치를 자동으로 저장 또는 알리며, 위내시경 검사에서 촬영 및 저장이 권장되는 부위에 대한 영상을 촬영했는지를 검증하는 단계; 및 촬영된 위내시경 영상 중 특정부의 영상을 영역분할 모델에 의해 각각 영역별로 분할하여 분할결과로서 대상 클래스 수와 같은 수의 분할 맵을 출력하는 단계를 포함한다."
공개,인공지능 및 머신러닝을 이용한 빔 관리에서의 모델 모니터링 방법 및 장치(METHOD AND APPARATUS FOR MODEL MONITORING IN AI/ML BASED BEAM MANAGEMENT),1020230134641,20231010,주식회사 케이티,특허법인(유한)유일하이스트,,20221011,,"본 실시예들은 인공지능 및 머신러닝을 이용한 빔 관리에서의 모델 모니터링 방법 및 장치에 대한 것으로, 단말에 대하여 구성된 참조 신호와 관련하여, AI/ML 모델의 모니터링을 위한 참조 신호의 제2 참조 신호 자원 셋 구성 정보를 수신하는 단계, 제2 참조 신호 자원 셋 구성 정보에 기초하여, 참조 신호에 대한 신호 세기 또는 신호 품질을 측정하는 단계 및 참조 신호의 측정값을 AI/ML 모델을 통하여 추론된 참조 신호의 예측값과 비교하여, AI/ML 모델의 성능 결과를 보고하는 단계를 포함하는 방법을 제공한다."
등록,인공지능 알고리즘에 기초하여 실시간 용접 검사 및 불량 예방 서비스를 제공하는 방법 및 시스템(METHOD AND APPARATUS FOR PROVIDING REAL-TIME WELDING INSPECTION AND DEFECT PREVENTION SERVICE BASED ON ARTIFICIAL INTELLIGENCE ALGORITHM),1020230030978,20230309,박종영,추민호,박종영,,,"인공지능 알고리즘 기반의 용접 결함을 예측하는 방법 및 장치가 개시된다. 본 개시의 일 실시예에 따른, 용접 검사 장치에 의해 수행되는, 인공지능 알고리즘 기반의 용접 결함을 예측하는 방법은, 하나 이상의 용접기와 관련된 제1 용접 모니터링 데이터 및 제1 비드 영상 데이터를 획득하는 단계; 상기 제1 용접 모니터링 데이터 및 상기 제1 비드 영상 데이터에 대해 전처리를 수행하는 단계; 상기 제1 비드 영상 데이터로부터 추출된 용접 이미지 중 용접 결함이 발생한 제1 영역을 식별하고, 상기 제1 용접 모니터링 데이터 중 상기 제1 영역에 대응되는 특정 용접 모니터링 데이터를 식별하는 단계; 상기 용접 이미지에서 식별된 제1 영역 및 상기 특정 용접 모니터링 데이터에 기초하여, 상기 하나 이상의 용접기에 따른 용접 결함의 예측 정보를 출력하도록 인공지능(artificial intelligence, AI) 모델을 학습시키는 단계; 및 특정 용접기와 관련된 제2 용접 모니터링 데이터 또는 제2 비드 영상 데이터 중의 적어도 하나를 획득함에 기반하여, 상기 제2 용접 모니터링 데이터 또는 상기 제2 비드 영상 데이터 중의 적어도 하나를 상기 학습된 AI 모델에 입력하여 상기 특정 용접기에 따른 용접 결함의 예측 정보를 획득하는 단계를 포함할 수 있다."
공개,복수의 손실 함수 기반의 인공지능 모델을 이용하여 종양 악성도를 예측하는 방법 및 장치(METHOD AND DEVICE FOR PREDICTING TUMOR MALIGNANCY USING A PLURALITY OF FUNCTIONS-BASED ARTIFICIAL INTELLIGENCE MODEL),1020220125303,20220930,서울여자대학교 산학협력단,특허법인비엘티,,,,"복수의 손실 함수 기반의 인공지능 모델을 이용하여 종양 악성도를 예측하는 방법 및 장치가 개시된다. 상기 방법은, 종양을 포함하는 이미지 데이터에 대해 전처리를 수행하는 단계; 상기 전처리가 수행된 이미지 데이터를 제1 인공지능 (artificial intelligence, AI) 모델에 입력하여 상기 이미지 데이터에 대한 특징 데이터를 획득하는 단계; 복수의 유형의 손실 함수(loss function)에 기초한 파라미터를 포함하는 제2 AI 모델에 상기 특징 데이터를 입력하여 제1 손실 데이터를 획득하는 단계; 및 상기 제1 손실 데이터에 기초하여 상기 종양의 악성도의 예측 결과를 출력하도록 상기 제1 AI 모델 및 상기 제2 AI 모델을 학습시키는 단계를 포함하고, 상기 복수의 손실 함수는, 평균 제곱 오차(mean squared error) 함수 및 특정 함수의 조합에 기초하고, 상기 특정 함수는, 크로스 엔트로피 순서 손실(cross entropy ordinal loss) 함수 또는 삼중항(triplet) 손실 함수 중의 적어도 하나를 포함할 수 있다."
공개,"저지연 인공지능 서비스 제공 방법, 그리고 이를 위한 네트워크 시스템(METHOD FOR PROVIDING ARTIFICIAL INTELLIGENCE SERVICE WITH LOW LATENCY, AND NETWORK SYSTEM IMPLEMENTING THE METHOD)",1020210028243,20210303,주식회사 케이티,유미특허법인,,,,"적어도 하나의 프로세서에 의해 동작하는 관리 장치의 동작 방법으로서, 인공지능(Artificial Intelligence, AI) 서비스 태스크 처리를 위해 계층적으로 연결된 워커 장치들로부터, 컴퓨팅 자원 상태 및/또는 네트워크 상태를 포함하는 상태 알림 메시지를 수신하는 단계, 각 워커 장치의 컴퓨팅 자원 상태 및/또는 네트워크 상태에 따라, AI 데이터에 대한 AI 서비스 태스크를 처리할 적어도 하나의 워커 장치 및 데이터 분담 정책을 결정하는 단계, 그리고 상기 AI 데이터에 대한 AI 서비스 태스크를 처리할 적어도 하나의 워커 장치로, 상기 데이터 분담 정책을 전송하는 단계를 포함한다. 상기 AI 데이터는 상기 워커 장치들 중 최하위 워커 장치에 연결된 데이터 수집 장치로부터 입력된다."
등록,인공지능(AI)을 이용한 공동주택 건축물의 전기 안전관리 시스템(Safety management system for electricity in apartment houses using artificial intelligence),1020230053407,20230424,주식회사 병오씨엠엔지니어링,이범호,주식회사 병오씨엠엔지니어링,,,"본 발명은 공동주택의 지하주차장에 설치된 전기시설들을 대상으로 인공지능의 딥러닝 기술을 기반으로 한 정확도 높은 실시간 감시가 수행되면서, 공동주택의 지하주차장 내 전기시설에서 이상이 발생 시 즉각적인 확인이 이루지는데 따른 신속한 점검 및 유지/보수 작업이 진행될 수 있도록 하고, 지하주차장 내 전기사고에 의한 화재 발생을 크게 억제하는 결과로도 이어지는 인공지능(AI)을 이용한 공동주택 건축물의 전기 안전관리 시스템에 관한 것으로서, 본 발명에 따른 인공지능(AI)을 이용한 공동주택 건축물의 전기 안전관리 시스템은 전기시설 모니터링부, 데이터베이스 서버, 인공지능모듈, 통합관리서버, 지하주차장 환경 센싱부, 충전기 사용 방지장치 및 무선통신모듈을 포함하여 구성된다."
등록,주변 환경특성에 따른 빅데이터를 통한 인공지능 AI 기반 맞춤형 화장품 설계 플랫폼 시스템(AI-BASED CUSTOMIZED COSMETICS DESIGN PLATFORM SYSTEM THROUGH BIG DATA ACCORDING TO SURROUNDING ENVIRONMENTAL CHARACTERISTICS),1020210023472,20210222,주식회사 럽앤다이브,김창덕,주식회사 럽앤다이브,,,"본 발명은 인공지능 AI 기반 맞춤형 화장품 설계 플랫폼 시스템에 관한 것으로서, 보다 구체적으로는 주변 환경특성에 따른 빅데이터를 통해 최근 기후 변화 및 한반도에 존재하는 사계절 등과 같은 외부 환경요소를 분석해 해당 환경에 최적화된 화장품 설계가 가능하고, 화장품 성분의 효능에 공신력 있는 정략적 기준을 적용하여 데이터 검증 중심의 합리적인 화장품을 설계하는 주변 환경특성에 따른 빅데이터를 통한 인공지능 AI 기반 맞춤형 화장품 설계 플랫폼 시스템에 관한 것이다. 상기 목적을 달성하기 위하여, 본 발명은, 사계절 기후 환경특성 정보, 외부 환경특성 정보 및 사용자 정보 중 적어도 어느 하나 이상의 정보를 수집하여 빅데이터를 구축을 하기 위한 빅데이터 서버와; 상기 빅데이터 서버에서 구축된 정보를 기초로 개인 맞춤형 화장품을 설계하기 위한 화장품 설계 서버와; 상기 빅데이터 서버로 사용자 정보를 송신하고, 화장품 설계 서버로부터 설계된 맞춤형 화장품을 확인하기 위한 사용자 단말기;를 포함하는 것을 특징으로 한다."
등록,인공지능 비전문가를 위한 인공지능 서비스 제공 시스템 및 방법(AI(Artificial Intelligence) service providing system and method for non-AI experts),1020200112301,20200903,(주)아크릴,이준성,(주)아크릴,,,"본 발명은 인공지능 비전문가를 위한 인공지능 서비스 제공 시스템 및 방법에 관한 것이다. 본 발명에 따른 인공지능 비전문가를 위한 인공지능 서비스 제공 시스템은, 사용자의 초기 정보를 입력받아 사용자별 맞춤형 AI 학습 모델을 선정하고, 선정된 AI 학습 모델별 학습 데이터를 선택한 후 전처리를 수행하며, 미리 학습된 인공지능(AI)을 통해 새로운 데이터에 대해 자동으로 애노테이션(annotation)을 수행하고, 학습 결과에 대한 인공지능 엔진 성능 테스트 및 비교 테스트를 수행하며, 추론 결과에 대한 원인 분석 및 데이터 결함 교정을 통한 재학습을 수행할 수 있도록 하는 인공지능(AI) 사용자 인터페이스(UI)부; 및 인공지능(AI) UI부와 유/무선 통신을 통해 신호를 송/수신하며, 인공지능(AI) UI부에 의해 선택된 학습 데이터에 대한 학습 및 사용자의 특성을 반영한 개인화 추론 학습을 수행하고, 학습 결과를 인공지능(AI) UI부로 전송하며, 인공지능(AI) UI부로부터 테스트 결과 및 분석 데이터를 수신하여 테스트 애노테이션을 통해 학습 데이터를 재검증하고, 교정된 데이터를 재학습하는 인공지능 엔진부를 포함한다."
등록,인공지능(AI)을 이용한 잉크젯 방식의 디스플레이 패널에 대한 자동 결함 수리 방법(INK-JET TYPE AUTOMATIC DEFECT REPAIR METHOD FOR DISPLAY PANEL USING ARTIFICIAL INTELLIGENCE),1020210144754,20211027,주식회사 코윈디에스티,특허법인서한,주식회사 코윈디에스티,,,"결함의 존부를 검사하기 위한 디스플레이 패널을 제공하는 제1단계; 상기 패널의 상면을 촬영하여, 입력이미지를 생성하는 제2단계; 상기 입력이미지를 이용하여, 인공지능(AI) 기반의 리페어용 학습모델을 구축하는 제3단계; 결함이 존재하면, 상기 결함에 대한 정보를 분석하여 상기 결함을 판정하는 제4단계; 상기 결함이 리페어 가능하다고 판정되면, 상기 결함에 대응하는 리페어용 레시피를 적용하여 상기 패널을 수리하는 제5단계;를 포함하는 인공지능(AI)을 이용한 잉크젯 방식의 디스플레이 패널에 대한 자동 결함 수리 방법을 제공한다."
등록,GUI 기반 인공지능 추천 시스템 및 그 방법(GUI(Graphical User Interface)-based AI(Artificial Intelligence) recommendation system and method thereof),1020200157310,20201123,(주)아크릴,이준성,(주)아크릴,,,"본 발명은 GUI 기반 인공지능 추천 시스템 및 그 방법에 관한 것이다. 본 발명에 따른 GUI 기반 인공지능 추천 시스템은, 사용자가 원하는 도메인에 따라 프로젝트를 생성 및 관리하고, 도메인에 따라 입력된 데이터를 분석 및 특징을 추출하고, 데이터에 대한 전처리를 수행하는 데이터 관리부와; 데이터 관리부에 의해 설정된 도메인에 따라 학습 알고리즘을 선택하고, 선택된 학습 알고리즘을 통해 상기 전처리된 데이터에 대한 학습을 수행하여 추천 모델을 생성하는 AI 모델 생성부와; AI 모델 생성부에 의해 생성된 추천 모델을 관리하고, 추천 모델의 추론 기능에 대한 테스트를 수행하며, 개인화 추천을 위한 API(Application Programming Interface) 엔진을 배포하는 개인화 엔진 관리부; 및 개인화 엔진 관리부로부터 배포된 API 엔진을 수신하여 그를 바탕으로 데이터의 유형에 따라 각종 추천을 수행하고, 추천 결과를 사용자 단말로 제공하며, 챗봇 사용자 이력을 입력받아 발화를 분석하여 키워드를 추출하고, 추출된 키워드를 검색하여 분야별 데이터를 수집하여 저장 및 정제하는 챗봇(chatbot) 연동부를 포함한다."
등록,인공지능(Ai)을 이용한 통신 정밀 안전진단 유지 통합시스템(Integrated communication precision safety diagnosis system using artificial intelligence),1020230142584,20231024,(주)진전기엔지니어링,이범호,(주)진전기엔지니어링,,,"본 발명은 인공지능(Ai)을 이용한 통신 정밀 안전진단 유지 통합시스템에 관한 것으로, 보다 상세하게는 전차선 전압과 전류를 가선으로부터 받은 후에 이 신호들을 전력분석기와 신호변환기로 보내도록 하고, 전력분석기를 통해서는 전력량, 역율, 실효값, 고조파 함유량에 대한 결과를 신호변환기를 통해서 순시값으로 제공되도록 함은 물론 속도와 위치에 대한 정보를 컴퓨터로 입력받아 고장 또는 이선이 발생한 구간을 정확하게 모니터링할 수 있도록 할 뿐만 아니라, 각 철도차량의 모니터링 및 제어에 사용되는 컴퓨터를 분산 배치할 수 있도록 트레이, 랙가이드, 랙고정판을 구비하여 통합 관리함으로써 제어 효율을 향상시키며, 특히 랙가이드의 고정구조를 더욱 더 개량하면서 화재발생시 신속하게 초기 진압에 관여하여 서버실의 전소를 막고 안전사고를 예방하며 경제적 손실을 최소화시킬 수 있도록 개선된 인공지능(Ai)을 이용한 통신 정밀 안전진단 유지 통합시스템에 관한 것이다."
공개,무선 통신망에서 인공지능/머신러닝을 이용하여 빔을 예측하는 방법 및 그 장치(METHOD AND APPARATUS FOR PREDICTING BEAM USING ARTIFICIAL INTELLIGENCE/MACHINE LEARNING MODEL IN WIRELESS COMMUNICATION NETWORK),1020230104242,20230809,한양대학교 산학협력단,특허법인(유한)유일하이스트,,20220817,,"본 개시는 인공지능 및 머신러닝을 사용하여 빔 품질을 예측하기 위한 기술에 관한 것으로, 하나 이상의 빔으로 구성된 제1 빔 셋을 수신하는 단계와 제1 빔 셋에 포함되는 하나 이상의 빔에 대한 제1 빔 셋 채널 품질을 측정하는 단계 및 제1 빔 셋 채널 품질에 대한 측정 결과를 미리 설정된 인공지능 모델에 입력하여 둘 이상의 빔을 포함하는 제2 빔 셋에 포함되는 특정 빔에 대한 채널 품질을 예측하는 단계를 포함하는 빔의 채널 품질을 예측하는 방법 및 장치를 제공할 수 있다."
공개,무선 통신망에서 인공지능/머신러닝을 이용하여 위치를 추정하는 방법 및 그 장치(METHOD AND APPARATUS FOR ESTIMATING LOCATION USING ARTIFICIAL INTELLIGENCE/MACHINE LEARNING MODEL IN WIRELESS COMMUNICATION NETWORK),1020230104571,20230810,한양대학교 산학협력단,특허법인(유한)유일하이스트,,20220816,,"본 개시는 인공지능 및 머신러닝을 사용하여 단말의 위치를 추정하기 위한 기술에 관한 것으로, 단말이 위치를 추정하는 방법에 있어서, 복수의 기지국으로부터 위치 추정을 위한 둘 이상의 참조신호를 수신하는 단계와 참조신호에 기초하여 추정된 채널 임펄스 응답(Channel Impulse Response, CIR) 정보를 미리 설정된 인공지능 모델에 입력하여 출력값으로 위치 추정 도움 정보를 추출하는 단계 및 위치 추정 도움 정보를 코어망 개체로 전송하는 단계를 포함하는 방법 및 장치를 제공한다."
등록,"인공지능(AI)을 이용한 건축물의 전기와 통신과 소방 통합관리 시스템(Integrated management system for electricity, communication, and fire protection of buildings using AI)",1020230087112,20230705,주식회사 공간이엔지,이범호,주식회사 공간이엔지,,,"본 발명은 인공지능(AI)을 이용한 건축물의 전기와 통신과 소방 통합관리 시스템에 관한 것으로서, 보다 상세하게는 건축물에 마련되어, 설비시설인 대상물을 관리함과 아울러 보호하도록 된 통합관리 시스템으로서, 상기 건축물의 벽면에 연결되어 고정되는 연결지지브라켓패널과, 상기 건축물에 설치된 상기 연결지지브라켓패널의 설치면에 형성되는 체결고정홈과, 상기 연결지지브라켓패널의 설치면에 형성된 체결고정홈에 일측이 끼움되어 고정되는 안착체결지지관과, 상기 연결지지브라켓패널에 설치된 상기 안착체결지지관의 하부를 탄성에 의해 지지하도록 상기 연결지지브라켓패널의 설치면에 체결되는 탄성고정지지부와, 상기 연결지지브라켓패널에 설치된 상기 안차가체결지지관에 끼움되어 고정되고, 내부에 상기 대상물이 배치되는 보호안내관과, 상기 보호안내관에 마련되어, 상기 보호안내관에 배치되는 상기 대상물의 상태를 감지하는 인공지능(AI)대상감지안내부와, 상기 연결지지브라켓패널에 마련되어 상기 보호안내관에 설치된 상기 인공지능(AI)감지안내부의 감지신호를 전달받는 인공지능(AI)관리제어부와, 상기 인공지능(AI)관리제어부의 신호를 전달받아 송출하며, 상기 연결지지브라켓패널에 연결되어 고정되는 송,수신기로 이루어져, 건축물의 전기와 통신과 소방설비를 보호함과 아울러 이상유무를 감지하고, 인공지능(AI)관리제어부의 제어에 의해 감지신호를 송출하도록 함으로써, 전기와 통신과 소방설비가 외력에 의해 손상되는 것을 방지하고, 과열 및 누전이나 화재에 따른 안전사고가 발생되는 것을 미연에 방지하고, 신속한 조치가 가능하게 되며, 유지보수비용이 과도하게 발생되는 것을 방지하게 되는 효과가 있다."
공개,인공지능을 활용한 조제 검수 자동화 솔루션을 제공하는 조제 검수 자동화 시스템 및 그 방법(FORMULATION INSPECTION AUTOMATION SYSTEM THAT PROVIDES AN FORMULATION INSPECTION AUTOMATION SOLUTION USING ARTIFICIAL INTELLIGENCE AND THE METHOD THEREOF),1020210009481,20210122,조성훈,김정훈,,20201229,,"본 발명은 인공지능을 활용한 조제 검수 자동화 솔루션을 제공하는 조제 검수 자동화 시스템 및 그 방법에 관한 것으로, 의약품을 조제하며, 조제된 의약품을 포장하는 의약품 조제장치, 상기 의약품 조제장치에서 포장된 의약품의 약포에 대한 영상 데이터를 획득하는 영상 장치, 인공지능(Artificial Intelligence; AI)을 통해 상기 영상 데이터를 처리하여 상기 의약품의 약포에 대한 조제를 검수하는 조제 검수부, 상기 의약품의 약포에 대한 정상 조제 또는 비정상 조제에 대한 결과를 출력하는 결과 출력부 및 고객별로 조제된 의약품 및 조제 검수 결과를 포함한 고객별 조제 데이터를 저장하여 관리하는 DB 관리부를 포함한다."
등록,AI 영상인식기술을 이용한 인공지능 주차관리 시스템(Smart Parking Management system by AI image recognition technology),1020230039774,20230327,(주)다온텍,최훈식,(주)다온텍,,,"본 발명은 AI 영상인식기술을 이용한 인공지능 주차관리 시스템에 관한 것으로서, 주차장의 입구에 설치되어 주차장으로 진입하고자 하는 차량의 통행을 제어하기 위한 차량 차단기; 상기 차량 차단기의 전방(前方)에 설치되고, 차량의 진입 가능 또는 불가능의 주행안내정보를 표출하되, 차량의 형태와 높이가 허용범위를 초과하는 경우 진입 불가 안내표시와 함께 경보를 출력하기 위한 입구 안내전광판; 상기 입구 안내전광판의 전방(前方)에 설치 및 주차장의 입구 초입에 설치되고, 주차장 내로 진입하고자 하는 차량을 촬영하되 AI(인공지능) 영상분석을 통해 차량의 형태와 높이를 측정 및 인식하기 위한 AI영상인식 카메라; 상기 입구 안내전광판의 전방(前方)에 설치 및 주차장의 입구 초입에 설치되고, 차량번호판을 촬영하여 차량번호를 자동 인식하기 위한 차량번호인식 카메라; 상기 AI영상인식 카메라에서의 인공지능에 의한 영상분석 시간과 결과 정보는 물론 차량번호인식 카메라로부터 인식된 차량번호 정보를 저장 및 관리하기 위한 데이터베이스; 상기 데이터베이스에 저장 및 관리되는 정보를 통해 입구 안내전광판과 차량 차단기의 동작을 자동 제어하는 주차관리 서버 컴퓨터; 상기 AI영상인식 카메라 및 차량번호인식 카메라를 통해 촬영된 실시간 영상정보를 일정기간 동안 저장하여 관리하기 위한 영상저장 서버 컴퓨터; 상기 데이터베이스, 주차관리 서버 컴퓨터, 영상저장 서버 컴퓨터에 연결되어 다양한 정보를 조회하고 환경설정 데이터를 변경 및 관리하기 위한 모니터링 컴퓨터;를 포함하며, 상기 AI영상인식 카메라에서는 해당 차량의 형태와 높이 측정 및 인식 작업을 수행함에 있어 정확도를 높일 수 있도록 3D 합성곱(convolution)을 이용한 연산과 필터가 3차원이고 필터에서 생성된 특성지도(feature map)가 3차원인 구조를 가지고서 공간 및 시간 차원 모두에 따라 구별되는 특징을 포착 가능한 3D CNN(Convolutional Neural Network; 합성곱 신경망)을 기반으로 하되, 시계열을 포함한 3차원의 영상 인식을 위해서 RNN(Recurrent Neural Network; 순환 신경망)의 일종인 LSTM(Long Short Term Memory network; 장단기 메모리망)을 결합한 딥러닝 네트워크 모델을 활용하는 것을 특징으로 한다."
등록,인공지능 기반 감정 분석을 활용하여 유해 컨텐츠를 필터링하는 방법 및 장치(METHOD AND APPARATUS FOR FILTERING HARMFUL CONTENT USING ARTIFICIAL INTELLIGENCE-BASED SENTIMENT ANALYSIS),1020230036605,20230321,㈜노웨어소프트,윤귀상,㈜노웨어소프트,,,"유해 컨텐츠를 필터링하는 방법 및 장치가 개시된다. 본 개시의 일 실시예에 따른, 장치에 의해 수행되는, 유해 컨텐츠를 필터링하는 방법은, 사용자에 의해 업로드된 컨텐츠를 제1 인공지능(artificial intelligence, AI) 모델에 입력하여 상기 컨텐츠 상의 적어도 하나의 인물과 관련된 감정 정보를 획득하는 단계; 상기 적어도 하나의 인물과 관련된 감정 정보에 대응되는 제1 유해 스코어 및 상기 컨텐츠 유형 별로 분류된 복수의 데이터 각각에 대응되는 제2 유해 스코어에 기초하여 상기 컨텐츠의 유해 지수를 산출하는 단계; 및 상기 유해 지수가 임계값을 초과함에 기초하여, 상기 컨텐츠를 필터링하는 단계를 포함하고, 제1 AI 모델은, 상기 적어도 하나의 인물의 얼굴 상의 특징점 또는 상기 적어도 하나 인물의 음성에 대한 특징 데이터에 기초하여 상기 적어도 하나의 인물과 관련된 감정 정보를 출력할 수 있다."
등록,인공지능 알고리즘에 기초하여 초상권을 보호하는 방법 및 장치(METHOD AND APPARATUS FOR FILTERING HARMFUL CONTENT USING ARTIFICIAL INTELLIGENCE-BASED SENTIMENT ANALYSIS),1020230036608,20230321,㈜노웨어소프트,윤귀상,㈜노웨어소프트,,,"인공지능(artificial intelligence, AI) 알고리즘에 기초하여 초상권을 보호하는 방법 및 장치가 개시된다. 본 개시의 일 실시예에 따른, 장치에 의해 수행되는, AI 알고리즘에 기초하여 초상권을 보호하는 방법은, 사용자로부터 업로드된 컨텐츠를 제1 AI 모델에 입력하여 상기 컨텐츠에 등장하는 하나 이상의 인물에 대한 정보를 획득하되, 상기 하나 이상의 인물에 대한 정보는 i) 상기 컨텐츠를 구성하는 복수의 프레임에서 상기 하나 이상의 인물의 등장 횟수 및 ii) 상기 하나 이상의 인물에 대한 이미지를 포함하는 단계; 상기 하나 이상의 인물 중 등장 횟수가 제1 임계값 이상인 제1 인물에 대한 이미지를 제2 AI 모델에 입력하여 상기 제1 인물의 얼굴 영역에 대응되는 이미지가 제2 인물의 얼굴 이미지에 기초하여 합성된 이미지일 확률을 획득하는 단계; 상기 확률이 제2 임계값을 초과함에 기반하여, 상기 컨텐츠 상에서 상기 제1 인물의 얼굴 영역에 대응되는 이미지를 비식별화하는 단계; 및 상기 제2 인물의 초상권을 가지고 있는지 여부를 문의하는 메시지를 상기 사용자가 이용하는 단말 장치로 전송하는 단계를 포함할 수 있다."
등록,인공지능 알고리즘에 기초하여 저작권을 보호하는 방법 및 장치(METHOD AND APPARATUS FOR PROTECTING COPYRIGHT BASED ON ARTIFICIAL INTELLIGENCE ALGORITHM),1020230036599,20230321,㈜노웨어소프트,윤귀상,㈜노웨어소프트,,,"인공지능(artificial intelligence, AI) 알고리즘에 기초하여 저작권을 보호하는 방법 및 장치가 개시된다. 본 개시의 일 실시예에 따른, 장치에 의해 수행되는, AI 알고리즘에 기초하여 저작권을 보호하는 방법은, 적어도 하나의 컨텐츠 각각에 대한 제1 특징 정보를 추출하는 단계; 상기 제1 특징 정보에 대해 임베딩(embedding)을 수행하여 상기 적어도 하나의 컨텐츠 각각에 대한 제1 특징 벡터를 획득하는 단계; 상기 제1 특징 벡터에 기초하여, 상기 적어도 하나의 컨텐츠와 사용자로부터 입력된 컨텐츠 간의 유사도를 출력하도록 AI 모델을 학습시키는 단계; 상기 사용자로부터 입력된 제1 컨텐츠로부터 추출된 제2 특징 정보에 대해 임베딩을 수행하여 상기 제1 컨텐츠에 대한 제2 특징 벡터를 획득하는 단계; 상기 제1 컨텐츠와 관련된 정보에 포함된 상기 제2 특징 벡터를 상기 AI 모델에 입력하여 상기 적어도 하나의 컨텐츠 각각에 대한 제1 특징 벡터와 상기 제2 특징 벡터 간의 유사도를 획득하는 단계; 상기 유사도가 제1 임계값을 초과함에 기반하여, 상기 제1 컨텐츠를 필터링하는 단계; 및 상기 유사도가 특정 범위임에 기반하여: 상기 제1 컨텐츠 및 상기 제2 컨텐츠에 대한 정보를 검수자가 이용하는 단말 장치로 전송하고, 상기 검수자가 이용하는 단말 장치로부터 수신된 상기 제1 컨텐츠가 상기 제2 컨텐츠의 저작권을 침해하는지 여부에 대한 메시지에 기초하여 상기 제1 컨텐츠를 필터링하거나 업로드하는 단계를 포함하고, 상기 특정 범위는, 제2 임계값 이상 상기 제1 임계값 미만으로 설정될 수 있다."
등록,인공지능(AI)을 이용한 공동주택 건축물의 감전 사고 예방 시스템(Electric shock accident prevention system for apartment houses using artificial intelligence),1020230078230,20230619,주식회사 영화키스톤건축사사무소,이범호,주식회사 영화키스톤건축사사무소,,,"본 발명은 공동주택 건축물의 지하주차장 내 전기자동차 충전기를 통한 전기자동차 충전에 있어, 비나 눈이 내리는 기상 상태에서는 해당 전기자동차 충전기를 통한 전기자동차 충전 작업 시 감전사고의 위험성이 보다 억제될 수 있도록 하고, 이를 위해 인공지능 기술을 사용하는 인공지능(AI)을 이용한 공동주택 건축물의 감전 사고 예방 시스템에 관한 것으로서, 본 발명에 따른 인공지능(AI)을 이용한 공동주택 건축물의 감전 사고 예방 시스템은 열화상 획득부, 인공지능모듈 및 이를 탑재하는 관리실 서버, 충전커넥터 시건장치, 기상감지센서, 거리측정 광센서, 제1 근거리 무선통신모듈, 제2 근거리 무선통신모듈 및 지면접촉 경고모듈을 포함하여 구성되고, 상기 열화상 획득부는 하우징, 손 진입 감지센서, 열화상 카메라 및 제어모듈을 포함하여 구성된다."
등록,인공지능(Ai)을 이용한 공동주택 화재진압 소방 시스템(Apartment house fire suppression firefighting system using artificial intelligence),1020220151576,20221114,(주)조은엔지니어링,이범호,(주)조은엔지니어링,,,"본 발명은 인공지능(Ai)을 이용한 공동주택 화재진압 소방 시스템에 관한 것으로, 보다 상세하게는 공동주택, 특히 복도식 공동주택의 복도에서 CCD카메라를 통한 화재발생원의 감시 및 무인로봇을 이용한 감시를 강화하여 화재발생을 예방하고, 화재가 발생되었을 때 신속하게 대응하여 초기 진압 효율을 높일 뿐만 아니라, 세대 복도에서 발생할 수 있는 안전사고, 위험 인지를 통한 감시 관측 기능을 강화시켜 보다 안전하고 편안한 공동생활이 가능하도록 개선된 인공지능(Ai)을 이용한 공동주택 화재진압 소방 시스템에 관한 것이다."
등록,인공지능(Ai)을 이용한 공동주택 소방 관리 시스템(Firefighting management system for apartment houses using artificial intelligence),1020220073028,20220615,(주)서영티이씨,이범호,(주)서영티이씨,,,"본 발명은 인공지능(Ai)을 이용한 공동주택 소방 관리 시스템에 관한 것으로, 보다 상세하게는 공동주택, 특히 복도식 공동주택의 복도에서 CCD카메라를 통한 화재발생원의 감시를 강화하여 화재발생을 예방하고, 화재가 발생되었을 때 인공지능의 분석과 판단을 통해 화재를 신속하게 검출하며, 검출결과에 따라 즉시 진압할 수 있도록 화재시 발생되는 열기에 의해 화재 발생 초기에 즉시 1차 진화가 개시되도록 하여 화재 발생 피해를 최소화할 수 있고, 인명피해가 발생하지 않도록 사전에 차단하며, 유선이 아닌 무선통신으로도 정확하고 오류없는 정보 송수신을 통해 지속적인 관리 감시 감독이 가능하도록 개선된 인공지능(Ai)을 이용한 공동주택 소방 관리 시스템에 관한 것이다."
거절,인공지능을 이용한 경영 등급 예측 장치 및 그 방법(MANAGEMENT GRADE PREDICTION DEVICE BY ARTIFICIAL INTELLIGENCE AND METHOD THEREOF),1020210190245,20211228,한양대학교 산학협력단,정성준,,,,"본 발명은 임의의 기업에 대한 경영 등급을 예측할 수 있는 장치 및 그 방법에 대한 것으로서, 보다 상세하게는 비정형적인 뉴스와 정형적인 기업데이터(예를 들어, 주식회사의 공시자료(DART 사업보고서) 등)를 인공지능(Artificial Intelligence, AI)을 통해 종합적으로 고려하여 기업의 경영 등급을 예측할 수 있는 장치 및 그 방법에 대한 것이다. 본 발명의 일 실시예에 따른 경영 등급 예측 장치는, 프로세서 및 프로세서에 연결되고, 인공지능 알고리즘, 최신 뉴스데이터, 최신 기업데이터 및 이전 경영등급정보를 저장하는 메모리를 포함하며, 메모리는 프로세서에 의해 실행 가능한, 미리 학습된 인공지능 알고리즘을 이용하여, 최신 뉴스데이터에 상응하는 최신 감성정보를 자동 추출하고, 최신 기업데이터에서 미리 설정된 최신 핵심지표를 자동 추출하며, 최신 감성정보, 최신 핵심지표 및 이전 경영등급정보를 통해 임의의 기업에 대한 경영등급을 예측하는 프로그램 명령어들을 저장할 수 있다."
등록,인공지능을 이용한 사용자 리뷰 분석 장치 및 그 방법(USER REVIEW ANALYSIS DEVICE BY ARTIFICIAL INTELLIGENCE AND METHOD THEREOF),1020210054251,20210427,한양대학교 산학협력단,정성준,한양대학교 산학협력단,,,"본 발명은 임의의 제품 또는 서비스에 대한 사용자의 리뷰를 분석하는 장치 및 그 방법에 대한 것으로서, 보다 상세하게는 인공지능(Artificial Intelligence, AI)을 이용하여 사용자 리뷰를 자동 분석하는 장치 및 그 방법에 대한 것이다. 본 발명의 일 실시예에 따른 리뷰 분석 장치는, 프로세서 및 프로세서에 연결되고, 인공지능 알고리즘 및 리뷰데이터를 저장하는 메모리를 포함하며, 메모리는 프로세서에 의해 실행 가능한, 레이블된 학습데이터를 미리 설정된 임베딩(embedding) 방법으로 임베딩하고, 임베딩 결과를 미리 설정된 제1 레이어로 입력한 결과 및 임베딩 결과를 미리 설정된 제2 레이어로 입력한 결과를 이용하여 인공지능 알고리즘을 학습시키고, 학습된 인공지능 알고리즘을 이용하여 리뷰데이터를 미리 설정된 차원에 따라 분류하는 프로그램 명령어들을 저장할 수 있다. 본 발명에 따르면, 인공지능을 이용하여 사용자들이 직접 작성한 리뷰를 다차원적으로 자동 분석할 수 있으므로, 다차원으로 분석된 결과를 통해, 일반 사용자들은 제품 또는 서비스 이용 여부를 쉽게 결정할 수 있고, 판매자들은 자신의 제품 또는 서비스에 대한 객관적인 정보를 얻을 수 있다."
거절,인공지능(AI) 기반의 도로 노면 상태 관리 시스템 및 방법(System and method for monitoring road surface condition based on Artificial Intelligence),1020200163384,20201127,주식회사 지금아이앤씨,오위환,,,,"본 발명의 실시예들에 따른 인공지능(AI) 기반의 도로 노면 상태 관리 시스템은 도로의 영상을 촬영하는 카메라, 카메라와 연동되어 도로의 깊이 측정 데이터를 획득하기 위한 깊이 카메라, 카메라가 촬영한 영상에 관심영역을 추출하는 관심영역 추출부, 관심영역에서 낙하물 존재 여부를 판단하는 낙하물 판단부, 낙하물 판단부의 판단 결과 낙하물이 존재하는 경우, 깊이 카메라로부터의 깊이 측정 데이터를 이용하여 관심영역의 깊이 데이터를 이용하여 굴곡 이미지를 생성하는 굴곡 이미지 생성부, 생성된 굴곡 이미지를 가공하는 굴곡 이미지 처리부, 및 굴곡 이미지 처리부로부터의 가공된 굴곡 이미지를 서버로 전송하는 전송부를 포함한다. 따라서 본 발명에 따르면, 고가의 장비를 이용하지 않고 도로의 노면을 촬영한 영상과 깊이 데이터를 이용하여 노면의 상태를 관리할 수 있다."
거절,마이크로서비스 기반 인공지능 및 기계학습 서비스 구성 시스템 및 방법(SYSTEM AND METHOD FOR COMPOSITING ARTIFICIAL INTELLIGENCE AND MACHINE LEARNING SERVICE BASED ON MICROSERVICES),1020200039361,20200331,한국전자기술연구원,특허법인지명,,,,본 발명은 컴퓨터에 의해 수행되는 마이크로서비스 기반 인공지능 및 기계학습(AI/ML) 서비스 구성 방법에 관한 것이다. 본 발명의 일 실시예는 AI/ML 서비스 시스템으로부터 미리 학습된 AI/ML 모델 및 입력 데이터를 수신하는 단계; 상기 입력 데이터를 상기 AI/ML 모델의 데이터 타입에 대응하도록 전처리하는 단계; 상기 전처리된 입력 데이터를 상기 AI/ML 모델의 입력단에 적용하여 연산을 수행하는 단계; 및 상기 연산 수행 결과를 상기 AI/ML 모델의 출력단으로부터 수집하는 단계를 포함한다.
등록,"텐던진단장치를 이용한 텐던 손상진단을 위한 인공지능 학습방법과 인공지능 학습시스템, 그리고 이를 이용하는 텐던 손상진단 방법과 텐던 손상진단 시스템(Training Method and System of Artificial Intelligence for Diagnosis of Tendon Damages, and Diagnosis System and Method of Tendon using AI)",1020220169250,20221207,한국건설기술연구원,이준서,한국건설기술연구원,,,"본 발명은 유도전압 측정에 기반한 텐던진단장치를 이용하여 텐던의 손상을 진단함에 있어서, 딥러닝 방식의 AI를 활용하여 텐던의 손상여부를 파악하는 텐던의 손상 진단을 수행하되, 텐던 또는 텐던을 모사한 실험체에 마그네틱 텐던진단장치를 실제로 설치하여 취득할 수 있는 원본 학습데이터의 수가 불충분할지라도 신뢰성 있는 진단 결과를 도출할 수 있도록 인공지능 학습을 수행하게 되는 003c#텐던 손상 진단을 위한 인공지능 학습방법003e#과, 이러한 인공지능 학습에 의해 구축된 003c#인공지능 시스템003e#, 그리고 이러한 인공지능 학습방법 및 인공지능 시스템을 이용하여 텐던의 손상을 진단하게 되는 003c#텐던 손상 진단 방법003e#과 003c#텐던 손상 진단 시스템003e#에 대한 것이다."
거절,지하철 전동차내와 승강장 및 터널의 공기질(IAQ)을 콘트롤하는 인공지능 시스템공기청정장치(AI System Air cleaner to control indoor air quality(IAQ) of electric railcar inside and platform and underground tunnel in subway),1020190173722,20191224,이세라,,,,,"본 출원발명은 지하철 사령실, 전동차내, 승강장 및 터널내의 실내외공기질(IAQ 0026# AQI)을 사물인터넷(IOT, internet of things)의 센싱(Sensing)기술로 수집한 빅데이터(Big-data)로서 클러스터(Cluster)방식의 인공지능(AI, Artificial Intelligence)(14)이 분석한 정보를 웨어러블 모바일(13)을 통하여 실시간 모니터링 및 환경정보지도, 필터선정 외 관리, 건강영향평가, 맞춤의료정보를 제공하여주는 차세대 바이오 헬스 기능의 인공지능 시스템공기청정장치로서, 실내공기질(IAQ)의 혼합(Mixing)과 확산(Diffusion)의 공기역학(aerodynamics )기술과 필터링(Filtring)(포집,촉매,분해)기술로 콘트롤하는 인공지능 시스템 공기청정장치이다 또한, 관성충돌(inertial impaction)기술의 기류(air current) 미세팅 (미세안개스프레이)과 양방향 자동세정식은 미세먼지 저감효율의 혁신 및 설치비와 관리비의 경제성에서 상당한 절감을 할 수 있다. 지하철의 다중 센싱기술의 정보시그날은 전국적 빅데이터로서 각 인공지능(AI)과 연계하여 생체정보 등을 개인 당사가가 동의하는 한에서 인터넷 통신체계로 각 국가 정보기관 및 기업, 특히 종합병원이 보유한 의료임상 정보와 협약에 의한 상호 공유할 수 있으며, 더 나아가 전 지구적인 고객에게 데이터 베이스 정보를 제공하여 미래를 예측하는 의료기술에 대하여 모든 사람이 혜택을 받을 수 있는 '의료정보제공 시스템'이 구성되어 있다. [색인어] 지하철공기질,전동차내,승강장,터널,미세먼지,초미세먼지,극초미세먼지,공기청정장치,환기유니트,㎍/㎥(Microgram per Cubic Meter ),PM10, PM2.5, PM0.1"
등록,인공지능을 활용한 자동화 병상 배정 방법(Method for Automated bed allocation using artificial intelligence),1020220047582,20220418,주식회사 지티솔루션,최학현,주식회사 지티솔루션,,,"본 발명은 입원과 퇴원으로 인한 병상관리를 인공지능(AI:artificial intelligence)을 통하여 배정함으로써, 공정한 병상관리와 업무의 효율성을 높임과 동시에 의사들의 회진의 거리를 단축함으로 불필요한 이동을 최소화하여 최상의 업무효율성을 갖도록 할 수 있는 인공지능을 활용한 자동화 병상 배정 방법에 관한 것이다. 상기 목적을 달성하기 위해 본 발명에 따른 인공지능을 활용한 자동화 병상 배정 방법은, 인공지능을 활용한 자동화 병상 배정 방법에 있어서, RPA(Robotic Process Automation)를 활용해 운영 중인 의료정보시스템에서 자동 병상 배정에 필요한 데이터를 추출하는 1단계; 상기 RPA를 통해 생성된 데이터를 기반으로 병상 및 대상자 정보를 추출하고, AI(artificial intelligence)를 활용하여 최적의 병상 배정 결과를 생성하는 2단계; 생성된 병상 배정 결과를 상기 RPA를 통해 의료정보시스템에 자동 입력 처리하는 3단계를 포함한다."
등록,전파 측정 결과로부터 무인 항공기를 탐지하고 인공지능에 기반하여 무인 항공기를 식별하기 위한 방법 및 장치(METHOD AND APPARATUS FOR DETECTING UNMANNED AERIAL VEHICLE BY USING RADIO MEASUREMENT RESULT AND IDENTIFYING UNMANNED AERIAL VEHICLE BASED ON ARTIFICIAL INTELLIGENCE),1020220076281,20220622,주식회사 휴라,성병기,주식회사 휴라,,,"본 발명은 인공지능(artificial intelligence, AI)에 기반하여 전파 측정 결과로부터 무인 항공기를 탐지 및 식별하기 위한 것으로, 무인 항공기를 탐지하는 장치의 동작 방법은, 스펙트로그램을 생성하는 단계, 상기 스펙트로그램에서 무인 항공기의 방향을 탐지(finding a direction)하기 위한 제1 영역을 결정하는 단계, 상기 제1 영역 내의 신호 값들에 기반하여 제1 무인 항공기의 방향을 탐지하는 단계, 상기 스펙트로그램에서 상기 제1 무인 항공기의 종류를 식별하기 위한 제2 영역을 결정하는 단계, 및 상기 제2 영역 내의 신호 값들에 기반하여 상기 제1 무인 항공기의 종류를 식별하는 단계를 포함할 수 있다."
등록,인공지능 기반의 바코드 복원을 통한 상품 식별 방법 및 이를 실행하기 위하여 기록매체에 기록된 컴퓨터 프로그램(Method for identify product through artificial intelligence-based barcode restoration and computer program recorded on record-medium for executing method therefor),1020220045043,20220412,주식회사 인피닉,정두승,주식회사 인피닉,,,"본 발명은 인공지능 기반의 바코드 복원을 통한 상품 식별 방법을 제안한다. 상기 방법은 인식 장치가, 카메라(camera)를 통해 적어도 하나의 상품을 촬영하는 단계, 상기 촬영된 이미지 내에서 상기 적어도 하나의 상품의 바코드(barcode) 영역을 크로핑(cropping)하는 단계, 상기 바코드 영역에서 적어도 하나의 특징점(feature point)을 식별하는 단계, 인공 지능(Artificial Intelligence, AI)을 기반으로 상기 식별된 특징점을 이용하여 상기 바코드 영역을 복원하는 단계 및 상기 복원된 바코드 영역으로부터 정보를 인식하여, 상품을 식별하는 단계를 포함할 수 있다"
